points,value,error
50, 0.6600, 0.1365
51, 0.4902, -0.0333
52, 0.6346, 0.1111
53, 0.3962, -0.1273
54, 0.5185, -0.0050
55, 0.5273, 0.0038
56, 0.5714, 0.0479
57, 0.4912, -0.0323
58, 0.5862, 0.0627
59, 0.4915, -0.0320
60, 0.5333, 0.0098
61, 0.4262, -0.0973
62, 0.5645, 0.0410
63, 0.5714, 0.0479
64, 0.4688, -0.0547
65, 0.5231, -0.0004
66, 0.4545, -0.0690
67, 0.4179, -0.1056
68, 0.4706, -0.0529
69, 0.5942, 0.0707
70, 0.5714, 0.0479
71, 0.6620, 0.1385
72, 0.4722, -0.0513
73, 0.5342, 0.0107
74, 0.5270, 0.0035
75, 0.4933, -0.0302
76, 0.5921, 0.0686
77, 0.5974, 0.0739
78, 0.5897, 0.0662
79, 0.5190, -0.0045
80, 0.4000, -0.1235
81, 0.5926, 0.0691
82, 0.6341, 0.1106
83, 0.6024, 0.0789
84, 0.4881, -0.0354
85, 0.5647, 0.0412
86, 0.5581, 0.0346
87, 0.4828, -0.0407
88, 0.5341, 0.0106
89, 0.5281, 0.0046
90, 0.6556, 0.1321
91, 0.5714, 0.0479
92, 0.4565, -0.0670
93, 0.4516, -0.0719
94, 0.5532, 0.0297
95, 0.5053, -0.0182
96, 0.4688, -0.0547
97, 0.5876, 0.0641
98, 0.5102, -0.0133
99, 0.4949, -0.0286
100, 0.4600, -0.0635
101, 0.5446, 0.0211
102, 0.5588, 0.0353
103, 0.5534, 0.0299
104, 0.4712, -0.0523
105, 0.6381, 0.1146
106, 0.5189, -0.0046
107, 0.5047, -0.0188
108, 0.4907, -0.0328
109, 0.4495, -0.0740
110, 0.6273, 0.1038
111, 0.4775, -0.0460
112, 0.4821, -0.0414
113, 0.5133, -0.0102
114, 0.4474, -0.0761
115, 0.5391, 0.0156
116, 0.3793, -0.1442
117, 0.6154, 0.0919
118, 0.5085, -0.0150
119, 0.5378, 0.0143
120, 0.5333, 0.0098
121, 0.4793, -0.0442
122, 0.5082, -0.0153
123, 0.4878, -0.0357
124, 0.5806, 0.0571
125, 0.5120, -0.0115
126, 0.4841, -0.0394
127, 0.4488, -0.0747
128, 0.4922, -0.0313
129, 0.5116, -0.0119
130, 0.4462, -0.0773
131, 0.5496, 0.0261
132, 0.6061, 0.0826
133, 0.6015, 0.0780
134, 0.5149, -0.0086
135, 0.4370, -0.0865
136, 0.5515, 0.0280
137, 0.5620, 0.0385
138, 0.4203, -0.1032
139, 0.5755, 0.0520
140, 0.5071, -0.0164
141, 0.5319, 0.0084
142, 0.5282, 0.0047
143, 0.4895, -0.0340
144, 0.4722, -0.0513
145, 0.4552, -0.0683
146, 0.5137, -0.0098
147, 0.5034, -0.0201
148, 0.5338, 0.0103
149, 0.5638, 0.0403
150, 0.4933, -0.0302
151, 0.5563, 0.0328
152, 0.5395, 0.0160
153, 0.5490, 0.0255
154, 0.4935, -0.0300
155, 0.5226, -0.0009
156, 0.4744, -0.0491
157, 0.5032, -0.0203
158, 0.4114, -0.1121
159, 0.4969, -0.0266
160, 0.5375, 0.0140
161, 0.4658, -0.0577
162, 0.5494, 0.0259
163, 0.4785, -0.0450
164, 0.5122, -0.0113
165, 0.5152, -0.0083
166, 0.5120, -0.0115
167, 0.5808, 0.0573
168, 0.5060, -0.0175
169, 0.5503, 0.0268
170, 0.4882, -0.0353
171, 0.5497, 0.0262
172, 0.4942, -0.0293
173, 0.5318, 0.0083
174, 0.5575, 0.0340
175, 0.4857, -0.0378
176, 0.4432, -0.0803
177, 0.5706, 0.0471
178, 0.5393, 0.0158
179, 0.4972, -0.0263
180, 0.5000, -0.0235
181, 0.5525, 0.0290
182, 0.5110, -0.0125
183, 0.4645, -0.0590
184, 0.5272, 0.0037
185, 0.5189, -0.0046
186, 0.5215, -0.0020
187, 0.5241, 0.0006
188, 0.5372, 0.0137
189, 0.6032, 0.0797
190, 0.4684, -0.0551
191, 0.5288, 0.0053
192, 0.5104, -0.0131
193, 0.4508, -0.0727
194, 0.5155, -0.0080
195, 0.5641, 0.0406
196, 0.5612, 0.0377
197, 0.5584, 0.0349
198, 0.4747, -0.0488
199, 0.5528, 0.0293
200, 0.5450, 0.0215
201, 0.5274, 0.0039
202, 0.4505, -0.0730
203, 0.4975, -0.0260
204, 0.5245, 0.0010
205, 0.5220, -0.0015
206, 0.5680, 0.0445
207, 0.5169, -0.0066
208, 0.4519, -0.0716
209, 0.5167, -0.0068
210, 0.5381, 0.0146
211, 0.5450, 0.0215
212, 0.4858, -0.0377
213, 0.4883, -0.0352
214, 0.5093, -0.0142
215, 0.5116, -0.0119
216, 0.4676, -0.0559
217, 0.5668, 0.0433
218, 0.4908, -0.0327
219, 0.5160, -0.0075
220, 0.5773, 0.0538
221, 0.4661, -0.0574
222, 0.4910, -0.0325
223, 0.4888, -0.0347
224, 0.4955, -0.0280
225, 0.4711, -0.0524
226, 0.5354, 0.0119
227, 0.5154, -0.0081
228, 0.5219, -0.0016
229, 0.4934, -0.0301
230, 0.5087, -0.0148
231, 0.4978, -0.0257
232, 0.5302, 0.0067
233, 0.4635, -0.0600
234, 0.5171, -0.0064
235, 0.5234, -0.0001
236, 0.5805, 0.0570
237, 0.5148, -0.0087
238, 0.5756, 0.0521
239, 0.5146, -0.0089
240, 0.4542, -0.0693
241, 0.5062, -0.0173
242, 0.5000, -0.0235
243, 0.5185, -0.0050
244, 0.4754, -0.0481
245, 0.5061, -0.0174
246, 0.5081, -0.0154
247, 0.4980, -0.0255
248, 0.5202, -0.0033
249, 0.5020, -0.0215
250, 0.5200, -0.0035
251, 0.5179, -0.0056
252, 0.5278, 0.0043
253, 0.5455, 0.0220
254, 0.5394, 0.0159
255, 0.5608, 0.0373
256, 0.4844, -0.0391
257, 0.4981, -0.0254
258, 0.4845, -0.0390
259, 0.5405, 0.0170
260, 0.5077, -0.0158
261, 0.5556, 0.0321
262, 0.5229, -0.0006
263, 0.5057, -0.0178
264, 0.5189, -0.0046
265, 0.5660, 0.0425
266, 0.5038, -0.0197
267, 0.5131, -0.0104
268, 0.5000, -0.0235
269, 0.5465, 0.0230
270, 0.5815, 0.0580
271, 0.5092, -0.0143
272, 0.5294, 0.0059
273, 0.5238, 0.0003
274, 0.5474, 0.0239
275, 0.5309, 0.0074
276, 0.5362, 0.0127
277, 0.5271, 0.0036
278, 0.4820, -0.0415
279, 0.5018, -0.0217
280, 0.5464, 0.0229
281, 0.4911, -0.0324
282, 0.5461, 0.0226
283, 0.5336, 0.0101
284, 0.5458, 0.0223
285, 0.4772, -0.0463
286, 0.5315, 0.0080
287, 0.5052, -0.0183
288, 0.5278, 0.0043
289, 0.4740, -0.0495
290, 0.5483, 0.0248
291, 0.5498, 0.0263
292, 0.5651, 0.0416
293, 0.5563, 0.0328
294, 0.5170, -0.0065
295, 0.5153, -0.0082
296, 0.5304, 0.0069
297, 0.5185, -0.0050
298, 0.5134, -0.0101
299, 0.5485, 0.0250
300, 0.5467, 0.0232
301, 0.5249, 0.0014
302, 0.5232, -0.0003
303, 0.5050, -0.0185
304, 0.5230, -0.0005
305, 0.5770, 0.0535
306, 0.5229, -0.0006
307, 0.4919, -0.0316
308, 0.5390, 0.0155
309, 0.4822, -0.0413
310, 0.5097, -0.0138
311, 0.5305, 0.0070
312, 0.5641, 0.0406
313, 0.4760, -0.0475
314, 0.4682, -0.0553
315, 0.5651, 0.0416
316, 0.5411, 0.0176
317, 0.5331, 0.0096
318, 0.5126, -0.0109
319, 0.4639, -0.0596
320, 0.5406, 0.0171
321, 0.5202, -0.0033
322, 0.5155, -0.0080
323, 0.5325, 0.0090
324, 0.4907, -0.0328
325, 0.5262, 0.0027
326, 0.5613, 0.0378
327, 0.5168, -0.0067
328, 0.5396, 0.0161
329, 0.4650, -0.0585
330, 0.4970, -0.0265
331, 0.5076, -0.0159
332, 0.5964, 0.0729
333, 0.5135, -0.0100
334, 0.5808, 0.0573
335, 0.5672, 0.0437
336, 0.5476, 0.0241
337, 0.5193, -0.0042
338, 0.5030, -0.0205
339, 0.5516, 0.0281
340, 0.4941, -0.0294
341, 0.4340, -0.0895
342, 0.5351, 0.0116
343, 0.5598, 0.0363
344, 0.5116, -0.0119
345, 0.5362, 0.0127
346, 0.5145, -0.0090
347, 0.5504, 0.0269
348, 0.4713, -0.0522
349, 0.5072, -0.0163
350, 0.5514, 0.0279
351, 0.5783, 0.0548
352, 0.5398, 0.0163
353, 0.4788, -0.0447
354, 0.5000, -0.0235
355, 0.5380, 0.0145
356, 0.5534, 0.0299
357, 0.5126, -0.0109
358, 0.5000, -0.0235
359, 0.5348, 0.0113
360, 0.5778, 0.0543
361, 0.5402, 0.0167
362, 0.5221, -0.0014
363, 0.5096, -0.0139
364, 0.5247, 0.0012
365, 0.5260, 0.0025
366, 0.5765, 0.0530
367, 0.4850, -0.0385
368, 0.5190, -0.0045
369, 0.5285, 0.0050
370, 0.5270, 0.0035
371, 0.4933, -0.0302
372, 0.5565, 0.0330
373, 0.5174, -0.0061
374, 0.5615, 0.0380
375, 0.5253, 0.0018
376, 0.5824, 0.0589
377, 0.5146, -0.0089
378, 0.5423, 0.0188
379, 0.5488, 0.0253
380, 0.5053, -0.0182
381, 0.4908, -0.0327
382, 0.5262, 0.0027
383, 0.4752, -0.0483
384, 0.5521, 0.0286
385, 0.5455, 0.0220
386, 0.5492, 0.0257
387, 0.5039, -0.0196
388, 0.5335, 0.0100
389, 0.5193, -0.0042
390, 0.5359, 0.0124
391, 0.5192, -0.0043
392, 0.5306, 0.0071
393, 0.5242, 0.0007
394, 0.5305, 0.0070
395, 0.4709, -0.0526
396, 0.5253, 0.0018
397, 0.5088, -0.0147
398, 0.5603, 0.0368
399, 0.5138, -0.0097
400, 0.5125, -0.0110
401, 0.5162, -0.0073
402, 0.4950, -0.0285
403, 0.5310, 0.0075
404, 0.4629, -0.0606
405, 0.4889, -0.0346
406, 0.4951, -0.0284
407, 0.4742, -0.0493
408, 0.5000, -0.0235
409, 0.5134, -0.0101
410, 0.5171, -0.0064
411, 0.5207, -0.0028
412, 0.5146, -0.0089
413, 0.5182, -0.0053
414, 0.5048, -0.0187
415, 0.5494, 0.0259
416, 0.5673, 0.0438
417, 0.4964, -0.0271
418, 0.4856, -0.0379
419, 0.5322, 0.0087
420, 0.4833, -0.0402
421, 0.5202, -0.0033
422, 0.5521, 0.0286
423, 0.5012, -0.0223
424, 0.5094, -0.0141
425, 0.4965, -0.0270
426, 0.5540, 0.0305
427, 0.5129, -0.0106
428, 0.4883, -0.0352
429, 0.5105, -0.0130
430, 0.5186, -0.0049
431, 0.5545, 0.0310
432, 0.5139, -0.0096
433, 0.5404, 0.0169
434, 0.5323, 0.0088
435, 0.4920, -0.0315
436, 0.5183, -0.0052
437, 0.5011, -0.0224
438, 0.5297, 0.0062
439, 0.5467, 0.0232
440, 0.5295, 0.0060
441, 0.5329, 0.0094
442, 0.5339, 0.0104
443, 0.5576, 0.0341
444, 0.4932, -0.0303
445, 0.5303, 0.0068
446, 0.5314, 0.0079
447, 0.5190, -0.0045
448, 0.5268, 0.0033
449, 0.5078, -0.0157
450, 0.4800, -0.0435
451, 0.5432, 0.0197
452, 0.5133, -0.0102
453, 0.5320, 0.0085
454, 0.4978, -0.0257
455, 0.5099, -0.0136
456, 0.4737, -0.0498
457, 0.5164, -0.0071
458, 0.5000, -0.0235
459, 0.5054, -0.0181
460, 0.5130, -0.0105
461, 0.5466, 0.0231
462, 0.5087, -0.0148
463, 0.4838, -0.0397
464, 0.5108, -0.0127
465, 0.5355, 0.0120
466, 0.5021, -0.0214
467, 0.5375, 0.0140
468, 0.4850, -0.0385
469, 0.5096, -0.0139
470, 0.5340, 0.0105
471, 0.5372, 0.0137
472, 0.5106, -0.0129
473, 0.5391, 0.0156
474, 0.4958, -0.0277
475, 0.5326, 0.0091
476, 0.5168, -0.0067
477, 0.5241, 0.0006
478, 0.5377, 0.0142
479, 0.5219, -0.0016
480, 0.5271, 0.0036
481, 0.5198, -0.0037
482, 0.5124, -0.0111
483, 0.5321, 0.0086
484, 0.5124, -0.0111
485, 0.5072, -0.0163
486, 0.5247, 0.0012
487, 0.5154, -0.0081
488, 0.5266, 0.0031
489, 0.5746, 0.0511
490, 0.5245, 0.0010
491, 0.4969, -0.0266
492, 0.5447, 0.0212
493, 0.5132, -0.0103
494, 0.5061, -0.0174
495, 0.5414, 0.0179
496, 0.5706, 0.0471
497, 0.5272, 0.0037
498, 0.5281, 0.0046
499, 0.5110, -0.0125
500, 0.5080, -0.0155
501, 0.5269, 0.0034
502, 0.5319, 0.0084
503, 0.4911, -0.0324
504, 0.5635, 0.0400
505, 0.5208, -0.0027
506, 0.5178, -0.0057
507, 0.5010, -0.0225
508, 0.4705, -0.0530
509, 0.5383, 0.0148
510, 0.5490, 0.0255
511, 0.5245, 0.0010
512, 0.4941, -0.0294
513, 0.5185, -0.0050
514, 0.5331, 0.0096
515, 0.4835, -0.0400
516, 0.5019, -0.0216
517, 0.5145, -0.0090
518, 0.4961, -0.0274
519, 0.5318, 0.0083
520, 0.5038, -0.0197
521, 0.5010, -0.0225
522, 0.5115, -0.0120
523, 0.5277, 0.0042
524, 0.5153, -0.0082
525, 0.5162, -0.0073
526, 0.5456, 0.0221
527, 0.5522, 0.0287
528, 0.5057, -0.0178
529, 0.4839, -0.0396
530, 0.5717, 0.0482
531, 0.5556, 0.0321
532, 0.5470, 0.0235
533, 0.5253, 0.0018
534, 0.5318, 0.0083
535, 0.5346, 0.0111
536, 0.5261, 0.0026
537, 0.5866, 0.0631
538, 0.5446, 0.0211
539, 0.5622, 0.0387
540, 0.5074, -0.0161
541, 0.5157, -0.0078
542, 0.5074, -0.0161
543, 0.4972, -0.0263
544, 0.5570, 0.0335
545, 0.5266, 0.0031
546, 0.5000, -0.0235
547, 0.4954, -0.0281
548, 0.5255, 0.0020
549, 0.5027, -0.0208
550, 0.4982, -0.0253
551, 0.4864, -0.0371
552, 0.5217, -0.0018
553, 0.5298, 0.0063
554, 0.5181, -0.0054
555, 0.5135, -0.0100
556, 0.5198, -0.0037
557, 0.5242, 0.0007
558, 0.5233, -0.0002
559, 0.5027, -0.0208
560, 0.5571, 0.0336
561, 0.5080, -0.0155
562, 0.5338, 0.0103
563, 0.5453, 0.0218
564, 0.5390, 0.0155
565, 0.5522, 0.0287
566, 0.5265, 0.0030
567, 0.5044, -0.0191
568, 0.5246, 0.0011
569, 0.5220, -0.0015
570, 0.5456, 0.0221
571, 0.5657, 0.0422
572, 0.5350, 0.0115
573, 0.5410, 0.0175
574, 0.5331, 0.0096
575, 0.5496, 0.0261
576, 0.5278, 0.0043
577, 0.4974, -0.0261
578, 0.5484, 0.0249
579, 0.5302, 0.0067
580, 0.5276, 0.0041
581, 0.5439, 0.0204
582, 0.5137, -0.0098
583, 0.5660, 0.0425
584, 0.5377, 0.0142
585, 0.5145, -0.0090
586, 0.5375, 0.0140
587, 0.4923, -0.0312
588, 0.5102, -0.0133
589, 0.4890, -0.0345
590, 0.5305, 0.0070
591, 0.5262, 0.0027
592, 0.5456, 0.0221
593, 0.5312, 0.0077
594, 0.4882, -0.0353
595, 0.5261, 0.0026
596, 0.5537, 0.0302
597, 0.4908, -0.0327
598, 0.5301, 0.0066
599, 0.5042, -0.0193
600, 0.4967, -0.0268
601, 0.5092, -0.0143
602, 0.4983, -0.0252
603, 0.5323, 0.0088
604, 0.5348, 0.0113
605, 0.5256, 0.0021
606, 0.4983, -0.0252
607, 0.5305, 0.0070
608, 0.5099, -0.0136
609, 0.5599, 0.0364
610, 0.5393, 0.0158
611, 0.5237, 0.0002
612, 0.5458, 0.0223
613, 0.5498, 0.0263
614, 0.5179, -0.0056
615, 0.4992, -0.0243
616, 0.5097, -0.0138
617, 0.5267, 0.0032
618, 0.5259, 0.0024
619, 0.5089, -0.0146
620, 0.5371, 0.0136
621, 0.5507, 0.0272
622, 0.5145, -0.0090
623, 0.4623, -0.0612
624, 0.5577, 0.0342
625, 0.5472, 0.0237
626, 0.5112, -0.0123
627, 0.5152, -0.0083
628, 0.5111, -0.0124
629, 0.5262, 0.0027
630, 0.5333, 0.0098
631, 0.5452, 0.0217
632, 0.5491, 0.0256
633, 0.5466, 0.0231
634, 0.5410, 0.0175
635, 0.5087, -0.0148
636, 0.5283, 0.0048
637, 0.5133, -0.0102
638, 0.5188, -0.0047
639, 0.5180, -0.0055
640, 0.5156, -0.0079
641, 0.4852, -0.0383
642, 0.5296, 0.0061
643, 0.4806, -0.0429
644, 0.5155, -0.0080
645, 0.5225, -0.0010
646, 0.5108, -0.0127
647, 0.5193, -0.0042
648, 0.5401, 0.0166
649, 0.5424, 0.0189
650, 0.5462, 0.0227
651, 0.5146, -0.0089
652, 0.5000, -0.0235
653, 0.5237, 0.0002
654, 0.5168, -0.0067
655, 0.5191, -0.0044
656, 0.5442, 0.0207
657, 0.5525, 0.0290
658, 0.5395, 0.0160
659, 0.5190, -0.0045
660, 0.5212, -0.0023
661, 0.5098, -0.0137
662, 0.5121, -0.0114
663, 0.5279, 0.0044
664, 0.5467, 0.0232
665, 0.5068, -0.0167
666, 0.5616, 0.0381
667, 0.5277, 0.0042
668, 0.5195, -0.0040
669, 0.5546, 0.0311
670, 0.5284, 0.0049
671, 0.5395, 0.0160
672, 0.5312, 0.0078
673, 0.5111, -0.0124
674, 0.5356, 0.0121
675, 0.5422, 0.0187
676, 0.4867, -0.0368
677, 0.5111, -0.0124
678, 0.5619, 0.0384
679, 0.5243, 0.0008
680, 0.5132, -0.0103
681, 0.5272, 0.0037
682, 0.5279, 0.0044
683, 0.4832, -0.0403
684, 0.5336, 0.0101
685, 0.5620, 0.0385
686, 0.5437, 0.0202
687, 0.5269, 0.0034
688, 0.5174, -0.0061
689, 0.5385, 0.0150
690, 0.5130, -0.0105
691, 0.5152, -0.0083
692, 0.5405, 0.0170
693, 0.4993, -0.0242
694, 0.4885, -0.0350
695, 0.5482, 0.0247
696, 0.5230, -0.0005
697, 0.5194, -0.0041
698, 0.5444, 0.0209
699, 0.4993, -0.0242
700, 0.5300, 0.0065
701, 0.5050, -0.0185
702, 0.5185, -0.0050
703, 0.5292, 0.0057
704, 0.5028, -0.0207
705, 0.5348, 0.0113
706, 0.5212, -0.0023
707, 0.5290, 0.0055
708, 0.5085, -0.0150
709, 0.5176, -0.0059
710, 0.5268, 0.0033
711, 0.5007, -0.0228
712, 0.5379, 0.0144
713, 0.4642, -0.0593
714, 0.5448, 0.0213
715, 0.5147, -0.0088
716, 0.5307, 0.0072
717, 0.5467, 0.0232
718, 0.5223, -0.0012
719, 0.5090, -0.0145
720, 0.4972, -0.0263
721, 0.5270, 0.0035
722, 0.4903, -0.0332
723, 0.5297, 0.0062
724, 0.5069, -0.0166
725, 0.5517, 0.0282
726, 0.4904, -0.0331
727, 0.5172, -0.0063
728, 0.5357, 0.0122
729, 0.5130, -0.0105
730, 0.5438, 0.0203
731, 0.5089, -0.0146
732, 0.5287, 0.0052
733, 0.5143, -0.0092
734, 0.5436, 0.0201
735, 0.5156, -0.0079
736, 0.5245, 0.0010
737, 0.5129, -0.0106
738, 0.5257, 0.0022
739, 0.5386, 0.0151
740, 0.4946, -0.0289
741, 0.5425, 0.0190
742, 0.5404, 0.0169
743, 0.5559, 0.0324
744, 0.5013, -0.0222
745, 0.5329, 0.0094
746, 0.5255, 0.0020
747, 0.5127, -0.0108
748, 0.5307, 0.0072
749, 0.5180, -0.0055
750, 0.5040, -0.0195
751, 0.5486, 0.0251
752, 0.5093, -0.0142
753, 0.5432, 0.0197
754, 0.5637, 0.0402
755, 0.5457, 0.0222
756, 0.5278, 0.0043
757, 0.5680, 0.0445
758, 0.5317, 0.0082
759, 0.5204, -0.0031
760, 0.5355, 0.0120
761, 0.5572, 0.0337
762, 0.5026, -0.0209
763, 0.5085, -0.0150
764, 0.5131, -0.0104
765, 0.5582, 0.0347
766, 0.5261, 0.0026
767, 0.5346, 0.0111
768, 0.5182, -0.0053
769, 0.5540, 0.0305
770, 0.5221, -0.0014
771, 0.5266, 0.0031
772, 0.5065, -0.0170
773, 0.5097, -0.0138
774, 0.5142, -0.0093
775, 0.5084, -0.0151
776, 0.4858, -0.0377
777, 0.5328, 0.0093
778, 0.5476, 0.0241
779, 0.5045, -0.0190
780, 0.5154, -0.0081
781, 0.5262, 0.0027
782, 0.5217, -0.0018
783, 0.5160, -0.0075
784, 0.5140, -0.0095
785, 0.5541, 0.0306
786, 0.5369, 0.0134
787, 0.5311, 0.0076
788, 0.5254, 0.0019
789, 0.5006, -0.0229
790, 0.5291, 0.0056
791, 0.5158, -0.0077
792, 0.4924, -0.0311
793, 0.5536, 0.0301
794, 0.5139, -0.0096
795, 0.5157, -0.0078
796, 0.5151, -0.0084
797, 0.5082, -0.0153
798, 0.5326, 0.0091
799, 0.4894, -0.0341
800, 0.5450, 0.0215
801, 0.5456, 0.0221
802, 0.5374, 0.0139
803, 0.5106, -0.0129
804, 0.5299, 0.0064
805, 0.5379, 0.0144
806, 0.5385, 0.0150
807, 0.5068, -0.0167
808, 0.5507, 0.0272
809, 0.4895, -0.0340
810, 0.5272, 0.0037
811, 0.5339, 0.0104
812, 0.5345, 0.0110
813, 0.5301, 0.0066
814, 0.5577, 0.0342
815, 0.5227, -0.0008
816, 0.4804, -0.0431
817, 0.5239, 0.0004
818, 0.5306, 0.0071
819, 0.5116, -0.0119
820, 0.4988, -0.0247
821, 0.5055, -0.0180
822, 0.5061, -0.0174
823, 0.5164, -0.0071
824, 0.5061, -0.0174
825, 0.5418, 0.0183
826, 0.5218, -0.0017
827, 0.5030, -0.0205
828, 0.5386, 0.0151
829, 0.5163, -0.0072
830, 0.5145, -0.0090
831, 0.5379, 0.0144
832, 0.5300, 0.0065
833, 0.5294, 0.0059
834, 0.5132, -0.0103
835, 0.5006, -0.0229
836, 0.4892, -0.0343
837, 0.5460, 0.0225
838, 0.4881, -0.0354
839, 0.5137, -0.0098
840, 0.5119, -0.0116
841, 0.5315, 0.0080
842, 0.5321, 0.0086
843, 0.5291, 0.0056
844, 0.5379, 0.0144
845, 0.5349, 0.0114
846, 0.4988, -0.0247
847, 0.5502, 0.0267
848, 0.4965, -0.0270
849, 0.5383, 0.0148
850, 0.5247, 0.0012
851, 0.5065, -0.0170
852, 0.5070, -0.0165
853, 0.5287, 0.0052
854, 0.5094, -0.0141
855, 0.5123, -0.0112
856, 0.5140, -0.0095
857, 0.5263, 0.0028
858, 0.5513, 0.0278
859, 0.5274, 0.0039
860, 0.5419, 0.0184
861, 0.5145, -0.0090
862, 0.5174, -0.0061
863, 0.5330, 0.0095
864, 0.5463, 0.0228
865, 0.5214, -0.0021
866, 0.5196, -0.0039
867, 0.5029, -0.0206
868, 0.5115, -0.0120
869, 0.5754, 0.0519
870, 0.5310, 0.0075
871, 0.5121, -0.0114
872, 0.5126, -0.0109
873, 0.5189, -0.0046
874, 0.5378, 0.0143
875, 0.5143, -0.0092
876, 0.5023, -0.0212
877, 0.5302, 0.0067
878, 0.5638, 0.0403
879, 0.5017, -0.0218
880, 0.5375, 0.0140
881, 0.5221, -0.0014
882, 0.5091, -0.0144
883, 0.5119, -0.0116
884, 0.5226, -0.0009
885, 0.5051, -0.0184
886, 0.5293, 0.0058
887, 0.5141, -0.0094
888, 0.5304, 0.0069
889, 0.4949, -0.0286
890, 0.5022, -0.0213
891, 0.5410, 0.0175
892, 0.5359, 0.0124
893, 0.5353, 0.0118
894, 0.5436, 0.0201
895, 0.5620, 0.0385
896, 0.5246, 0.0011
897, 0.4972, -0.0263
898, 0.5234, -0.0001
899, 0.5295, 0.0060
900, 0.5456, 0.0221
901, 0.5105, -0.0130
902, 0.5687, 0.0452
903, 0.5460, 0.0225
904, 0.5277, 0.0042
905, 0.5337, 0.0102
906, 0.5011, -0.0224
907, 0.5458, 0.0223
908, 0.5198, -0.0037
909, 0.5204, -0.0031
910, 0.5429, 0.0194
911, 0.5313, 0.0078
912, 0.5088, -0.0147
913, 0.5257, 0.0022
914, 0.5383, 0.0148
915, 0.5071, -0.0164
916, 0.5229, -0.0006
917, 0.5442, 0.0207
918, 0.5479, 0.0244
919, 0.5190, -0.0045
920, 0.5065, -0.0170
921, 0.5233, -0.0002
922, 0.5174, -0.0061
923, 0.5341, 0.0106
924, 0.5346, 0.0111
925, 0.5168, -0.0067
926, 0.5108, -0.0127
927, 0.5329, 0.0094
928, 0.5259, 0.0024
929, 0.5059, -0.0176
930, 0.4925, -0.0310
931, 0.4984, -0.0251
932, 0.5097, -0.0138
933, 0.4877, -0.0358
934, 0.5353, 0.0118
935, 0.5166, -0.0069
936, 0.5385, 0.0150
937, 0.5123, -0.0112
938, 0.5267, 0.0032
939, 0.5367, 0.0132
940, 0.5553, 0.0318
941, 0.5260, 0.0025
942, 0.5318, 0.0083
943, 0.5239, 0.0004
944, 0.5328, 0.0093
945, 0.5048, -0.0187
946, 0.5032, -0.0203
947, 0.5100, -0.0135
948, 0.5359, 0.0124
949, 0.5205, -0.0030
950, 0.5137, -0.0098
951, 0.5310, 0.0075
952, 0.5399, 0.0164
953, 0.5383, 0.0148
954, 0.5105, -0.0130
955, 0.5267, 0.0032
956, 0.5220, -0.0015
957, 0.5402, 0.0167
958, 0.5261, 0.0026
959, 0.5203, -0.0032
960, 0.5354, 0.0119
961, 0.5234, -0.0001
962, 0.5395, 0.0160
963, 0.4881, -0.0354
964, 0.5488, 0.0253
965, 0.5202, -0.0033
966, 0.5000, -0.0235
967, 0.5181, -0.0054
968, 0.5134, -0.0101
969, 0.5005, -0.0230
970, 0.5186, -0.0049
971, 0.5242, 0.0007
972, 0.5586, 0.0351
973, 0.5118, -0.0117
974, 0.5267, 0.0032
975, 0.5210, -0.0025
976, 0.5164, -0.0071
977, 0.5394, 0.0159
978, 0.5378, 0.0143
979, 0.5649, 0.0414
980, 0.5316, 0.0081
981, 0.5474, 0.0239
982, 0.5265, 0.0030
983, 0.5575, 0.0340
984, 0.5234, -0.0001
985, 0.5289, 0.0054
986, 0.5781, 0.0546
987, 0.5035, -0.0200
988, 0.5121, -0.0114
989, 0.5258, 0.0023
990, 0.5212, -0.0023
991, 0.5045, -0.0190
992, 0.5292, 0.0057
993, 0.5176, -0.0059
994, 0.5563, 0.0328
995, 0.5387, 0.0152
996, 0.5261, 0.0026
997, 0.5115, -0.0120
998, 0.5311, 0.0076
999, 0.5325, 0.0090
1000, 0.5160, -0.0075
1001, 0.5305, 0.0070
1002, 0.5329, 0.0094
1003, 0.5145, -0.0090
1004, 0.5209, -0.0026
1005, 0.5204, -0.0031
1006, 0.5288, 0.0053
1007, 0.5243, 0.0008
1008, 0.5020, -0.0215
1009, 0.5154, -0.0081
1010, 0.5317, 0.0082
1011, 0.5420, 0.0185
1012, 0.5346, 0.0111
1013, 0.5192, -0.0043
1014, 0.5611, 0.0376
1015, 0.5251, 0.0016
1016, 0.5354, 0.0119
1017, 0.5339, 0.0104
1018, 0.5442, 0.0207
1019, 0.5064, -0.0171
1020, 0.5000, -0.0235
1021, 0.5230, -0.0005
1022, 0.5391, 0.0156
1023, 0.5230, -0.0005
1024, 0.5156, -0.0079
1025, 0.5346, 0.0111
1026, 0.5224, -0.0011
1027, 0.5209, -0.0026
1028, 0.5214, -0.0021
1029, 0.5228, -0.0007
1030, 0.5417, 0.0182
1031, 0.5403, 0.0168
1032, 0.5068, -0.0167
1033, 0.5169, -0.0066
1034, 0.5426, 0.0191
1035, 0.5034, -0.0201
1036, 0.5357, 0.0122
1037, 0.5207, -0.0028
1038, 0.5164, -0.0071
1039, 0.5149, -0.0086
1040, 0.5106, -0.0129
1041, 0.5024, -0.0211
1042, 0.5365, 0.0130
1043, 0.5417, 0.0182
1044, 0.5211, -0.0024
1045, 0.5167, -0.0068
1046, 0.5115, -0.0120
1047, 0.5415, 0.0180
1048, 0.5401, 0.0166
1049, 0.5195, -0.0040
1050, 0.4933, -0.0302
1051, 0.5243, 0.0008
1052, 0.5124, -0.0111
1053, 0.5195, -0.0040
1054, 0.5342, 0.0107
1055, 0.5336, 0.0101
1056, 0.5246, 0.0011
1057, 0.5194, -0.0041
1058, 0.5227, -0.0008
1059, 0.5071, -0.0164
1060, 0.5057, -0.0178
1061, 0.4939, -0.0296
1062, 0.5292, 0.0057
1063, 0.5503, 0.0268
1064, 0.5047, -0.0188
1065, 0.5371, 0.0136
1066, 0.5178, -0.0057
1067, 0.4977, -0.0258
1068, 0.5356, 0.0121
1069, 0.5332, 0.0097
1070, 0.5598, 0.0363
1071, 0.5285, 0.0050
1072, 0.5317, 0.0082
1073, 0.5415, 0.0180
1074, 0.5484, 0.0249
1075, 0.5070, -0.0165
1076, 0.5084, -0.0151
1077, 0.5200, -0.0035
1078, 0.5390, 0.0155
1079, 0.5533, 0.0298
1080, 0.5352, 0.0117
1081, 0.5208, -0.0027
1082, 0.4963, -0.0272
1083, 0.5143, -0.0092
1084, 0.5268, 0.0033
1085, 0.5134, -0.0101
1086, 0.5608, 0.0373
1087, 0.4903, -0.0332
1088, 0.5193, -0.0042
1089, 0.5271, 0.0036
1090, 0.5138, -0.0097
1091, 0.5188, -0.0047
1092, 0.5559, 0.0324
1093, 0.5261, 0.0026
1094, 0.4936, -0.0299
1095, 0.5416, 0.0181
1096, 0.5520, 0.0285
1097, 0.5223, -0.0012
1098, 0.5337, 0.0102
1099, 0.5278, 0.0043
1100, 0.5073, -0.0162
1101, 0.4941, -0.0294
1102, 0.5181, -0.0054
1103, 0.5331, 0.0096
1104, 0.5190, -0.0045
1105, 0.5249, 0.0014
1106, 0.5145, -0.0090
1107, 0.5474, 0.0239
1108, 0.5370, 0.0135
1109, 0.5338, 0.0103
1110, 0.5243, 0.0008
1111, 0.5293, 0.0058
1112, 0.5531, 0.0296
1113, 0.5454, 0.0219
1114, 0.5063, -0.0172
1115, 0.5381, 0.0146
1116, 0.5125, -0.0110
1117, 0.5013, -0.0222
1118, 0.5403, 0.0168
1119, 0.5130, -0.0105
1120, 0.5464, 0.0229
1121, 0.5183, -0.0052
1122, 0.5365, 0.0130
1123, 0.5343, 0.0108
1124, 0.5302, 0.0067
1125, 0.5200, -0.0035
1126, 0.5213, -0.0022
1127, 0.5457, 0.0222
1128, 0.5293, 0.0058
1129, 0.5306, 0.0071
1130, 0.4956, -0.0279
1131, 0.5181, -0.0054
1132, 0.5177, -0.0058
1133, 0.5410, 0.0175
1134, 0.5123, -0.0112
1135, 0.5207, -0.0028
1136, 0.5361, 0.0126
1137, 0.5013, -0.0222
1138, 0.5246, 0.0011
1139, 0.5680, 0.0445
1140, 0.5421, 0.0186
1141, 0.4838, -0.0397
1142, 0.5377, 0.0142
1143, 0.5197, -0.0038
1144, 0.5376, 0.0141
1145, 0.5179, -0.0056
1146, 0.5140, -0.0095
1147, 0.5205, -0.0030
1148, 0.5322, 0.0087
1149, 0.5352, 0.0117
1150, 0.5052, -0.0183
1151, 0.5056, -0.0179
1152, 0.5373, 0.0138
1153, 0.5230, -0.0005
1154, 0.5269, 0.0034
1155, 0.5091, -0.0144
1156, 0.5242, 0.0007
1157, 0.5298, 0.0063
1158, 0.5017, -0.0218
1159, 0.5177, -0.0058
1160, 0.5129, -0.0106
1161, 0.5332, 0.0097
1162, 0.5413, 0.0178
1163, 0.5202, -0.0033
1164, 0.5292, 0.0057
1165, 0.5185, -0.0050
1166, 0.5120, -0.0115
1167, 0.5304, 0.0069
1168, 0.5188, -0.0047
1169, 0.5201, -0.0034
1170, 0.5598, 0.0363
1171, 0.5559, 0.0324
1172, 0.5265, 0.0030
1173, 0.5234, -0.0001
1174, 0.5128, -0.0107
1175, 0.5140, -0.0095
1176, 0.5017, -0.0218
1177, 0.5004, -0.0231
1178, 0.5272, 0.0037
1179, 0.5327, 0.0092
1180, 0.5432, 0.0197
1181, 0.5267, 0.0032
1182, 0.5102, -0.0133
1183, 0.5317, 0.0082
1184, 0.5245, 0.0010
1185, 0.5333, 0.0098
1186, 0.4975, -0.0260
1187, 0.5240, 0.0005
1188, 0.5067, -0.0168
1189, 0.5332, 0.0097
1190, 0.5084, -0.0151
1191, 0.5097, -0.0138
1192, 0.5252, 0.0017
1193, 0.5264, 0.0029
1194, 0.5101, -0.0134
1195, 0.5314, 0.0079
1196, 0.5251, 0.0016
1197, 0.5330, 0.0095
1198, 0.5083, -0.0152
1199, 0.5430, 0.0195
1200, 0.5142, -0.0093
1201, 0.5237, 0.0002
1202, 0.5075, -0.0160
1203, 0.5054, -0.0181
1204, 0.5174, -0.0061
1205, 0.5361, 0.0126
1206, 0.5340, 0.0105
1207, 0.5128, -0.0107
1208, 0.5273, 0.0038
1209, 0.5161, -0.0074
1210, 0.4893, -0.0342
1211, 0.5136, -0.0099
1212, 0.5503, 0.0268
1213, 0.5293, 0.0058
1214, 0.5313, 0.0078
1215, 0.5226, -0.0009
1216, 0.5247, 0.0012
1217, 0.5357, 0.0122
1218, 0.5312, 0.0077
1219, 0.5037, -0.0198
1220, 0.5172, -0.0063
1221, 0.5266, 0.0031
1222, 0.5016, -0.0219
1223, 0.5110, -0.0125
1224, 0.5172, -0.0063
1225, 0.5200, -0.0035
1226, 0.4992, -0.0243
1227, 0.5477, 0.0242
1228, 0.5489, 0.0254
1229, 0.5240, 0.0005
1230, 0.5179, -0.0056
1231, 0.5410, 0.0175
1232, 0.5268, 0.0033
1233, 0.5101, -0.0134
1234, 0.5186, -0.0049
1235, 0.5117, -0.0118
1236, 0.5000, -0.0235
1237, 0.5368, 0.0133
1238, 0.5057, -0.0178
1239, 0.5424, 0.0189
1240, 0.5242, 0.0007
1241, 0.5512, 0.0277
1242, 0.5185, -0.0050
1243, 0.5117, -0.0118
1244, 0.5072, -0.0163
1245, 0.5365, 0.0130
1246, 0.5136, -0.0099
1247, 0.5285, 0.0050
1248, 0.5168, -0.0067
1249, 0.4940, -0.0295
1250, 0.5272, 0.0037
1251, 0.5268, 0.0033
1252, 0.5184, -0.0051
1253, 0.4932, -0.0303
1254, 0.5136, -0.0099
1255, 0.5402, 0.0167
1256, 0.5342, 0.0107
1257, 0.4956, -0.0279
1258, 0.5278, 0.0043
1259, 0.5250, 0.0015
1260, 0.5310, 0.0075
1261, 0.5400, 0.0165
1262, 0.5341, 0.0106
1263, 0.5202, -0.0033
1264, 0.5372, 0.0137
1265, 0.5257, 0.0022
1266, 0.5055, -0.0180
1267, 0.5296, 0.0061
1268, 0.5166, -0.0069
1269, 0.5185, -0.0050
1270, 0.5181, -0.0054
1271, 0.5193, -0.0042
1272, 0.5157, -0.0078
1273, 0.5192, -0.0043
1274, 0.5078, -0.0157
1275, 0.5318, 0.0083
1276, 0.5110, -0.0125
1277, 0.5239, 0.0004
1278, 0.5290, 0.0055
1279, 0.5199, -0.0036
1280, 0.4969, -0.0266
1281, 0.5402, 0.0167
1282, 0.5328, 0.0093
1283, 0.5347, 0.0112
1284, 0.5491, 0.0256
1285, 0.5043, -0.0192
1286, 0.5062, -0.0173
1287, 0.5237, 0.0002
1288, 0.5186, -0.0049
1289, 0.5291, 0.0056
1290, 0.5233, -0.0002
1291, 0.5360, 0.0125
1292, 0.4899, -0.0336
1293, 0.5437, 0.0202
1294, 0.5247, 0.0012
1295, 0.5251, 0.0016
1296, 0.5270, 0.0035
1297, 0.5289, 0.0054
1298, 0.5293, 0.0058
1299, 0.5350, 0.0115
1300, 0.4769, -0.0466
1301, 0.5327, 0.0092
1302, 0.5223, -0.0012
1303, 0.5372, 0.0137
1304, 0.5077, -0.0158
1305, 0.5272, 0.0037
1306, 0.5191, -0.0044
1307, 0.5333, 0.0098
1308, 0.5076, -0.0159
1309, 0.5340, 0.0105
1310, 0.5290, 0.0055
1311, 0.4920, -0.0315
1312, 0.5312, 0.0078
1313, 0.5659, 0.0424
1314, 0.5335, 0.0100
1315, 0.5354, 0.0119
1316, 0.5099, -0.0136
1317, 0.5383, 0.0148
1318, 0.5190, -0.0045
1319, 0.5224, -0.0011
1320, 0.5144, -0.0091
1321, 0.5337, 0.0102
1322, 0.5507, 0.0272
1323, 0.5125, -0.0110
1324, 0.5347, 0.0112
1325, 0.5125, -0.0110
1326, 0.5460, 0.0225
1327, 0.5177, -0.0058
1328, 0.5354, 0.0119
1329, 0.5312, 0.0077
1330, 0.5203, -0.0032
1331, 0.5447, 0.0212
1332, 0.5180, -0.0055
1333, 0.5334, 0.0099
1334, 0.5127, -0.0108
1335, 0.5124, -0.0111
1336, 0.5254, 0.0019
1337, 0.5273, 0.0038
1338, 0.5187, -0.0048
1339, 0.5228, -0.0007
1340, 0.5090, -0.0145
1341, 0.5459, 0.0224
1342, 0.5484, 0.0249
1343, 0.5287, 0.0052
1344, 0.5327, 0.0092
1345, 0.5093, -0.0142
1346, 0.5208, -0.0027
1347, 0.5182, -0.0053
1348, 0.5438, 0.0203
1349, 0.5345, 0.0110
1350, 0.5052, -0.0183
1351, 0.5285, 0.0050
1352, 0.5214, -0.0021
1353, 0.5270, 0.0035
1354, 0.5325, 0.0090
1355, 0.5033, -0.0202
1356, 0.5671, 0.0436
1357, 0.5438, 0.0203
1358, 0.5184, -0.0051
1359, 0.5166, -0.0069
1360, 0.5390, 0.0155
1361, 0.5195, -0.0040
1362, 0.5088, -0.0147
1363, 0.5070, -0.0165
1364, 0.5213, -0.0022
1365, 0.5179, -0.0056
1366, 0.5037, -0.0198
1367, 0.5318, 0.0083
1368, 0.5285, 0.0050
1369, 0.5245, 0.0010
1370, 0.5350, 0.0115
1371, 0.5120, -0.0115
1372, 0.5350, 0.0115
1373, 0.5025, -0.0210
1374, 0.5357, 0.0122
1375, 0.5135, -0.0100
1376, 0.5153, -0.0082
1377, 0.5345, 0.0110
1378, 0.5160, -0.0075
1379, 0.5272, 0.0037
1380, 0.5181, -0.0054
1381, 0.5235, 0.0000
1382, 0.5405, 0.0170
1383, 0.5329, 0.0094
1384, 0.5340, 0.0105
1385, 0.4996, -0.0239
1386, 0.5166, -0.0069
1387, 0.5321, 0.0086
1388, 0.5382, 0.0147
1389, 0.5450, 0.0215
1390, 0.5324, 0.0089
1391, 0.5234, -0.0001
1392, 0.5144, -0.0091
1393, 0.4996, -0.0239
1394, 0.5352, 0.0117
1395, 0.4925, -0.0310
1396, 0.5279, 0.0044
1397, 0.5354, 0.0119
1398, 0.5107, -0.0128
1399, 0.5261, 0.0026
1400, 0.5114, -0.0121
1401, 0.5118, -0.0117
1402, 0.5464, 0.0229
1403, 0.5403, 0.0168
1404, 0.5256, 0.0021
1405, 0.5189, -0.0046
1406, 0.5206, -0.0029
1407, 0.5565, 0.0330
1408, 0.5220, -0.0015
1409, 0.5096, -0.0139
1410, 0.5277, 0.0042
1411, 0.5216, -0.0019
1412, 0.5333, 0.0098
1413, 0.5117, -0.0118
1414, 0.5149, -0.0086
1415, 0.5300, 0.0065
1416, 0.5233, -0.0002
1417, 0.5236, 0.0001
1418, 0.5465, 0.0230
1419, 0.5257, 0.0022
1420, 0.5430, 0.0195
1421, 0.5419, 0.0184
1422, 0.5070, -0.0165
1423, 0.5179, -0.0056
1424, 0.5393, 0.0158
1425, 0.5193, -0.0042
1426, 0.5407, 0.0172
1427, 0.5193, -0.0042
1428, 0.5357, 0.0122
1429, 0.5262, 0.0027
1430, 0.5056, -0.0179
1431, 0.5269, 0.0034
1432, 0.5272, 0.0037
1433, 0.5059, -0.0176
1434, 0.4881, -0.0354
1435, 0.5338, 0.0103
1436, 0.5209, -0.0026
1437, 0.5268, 0.0033
1438, 0.5285, 0.0050
1439, 0.5379, 0.0144
1440, 0.5278, 0.0043
1441, 0.5253, 0.0018
1442, 0.5243, 0.0008
1443, 0.5385, 0.0150
1444, 0.5312, 0.0077
1445, 0.5502, 0.0267
1446, 0.4952, -0.0283
1447, 0.5107, -0.0128
1448, 0.5421, 0.0186
1449, 0.5100, -0.0135
1450, 0.5179, -0.0056
1451, 0.5279, 0.0044
1452, 0.5186, -0.0049
1453, 0.4935, -0.0300
1454, 0.5296, 0.0061
1455, 0.5216, -0.0019
1456, 0.5062, -0.0173
1457, 0.4942, -0.0293
1458, 0.5288, 0.0053
1459, 0.5257, 0.0022
1460, 0.5158, -0.0077
1461, 0.5243, 0.0008
1462, 0.5198, -0.0037
1463, 0.5174, -0.0061
1464, 0.5178, -0.0057
1465, 0.5372, 0.0137
1466, 0.5314, 0.0079
1467, 0.5194, -0.0041
1468, 0.5089, -0.0146
1469, 0.5439, 0.0204
1470, 0.5259, 0.0024
1471, 0.5139, -0.0096
1472, 0.5353, 0.0118
1473, 0.5282, 0.0047
1474, 0.5088, -0.0147
1475, 0.5234, -0.0001
1476, 0.5285, 0.0050
1477, 0.5281, 0.0046
1478, 0.5332, 0.0097
1479, 0.5112, -0.0123
1480, 0.5014, -0.0221
1481, 0.5287, 0.0052
1482, 0.5202, -0.0033
1483, 0.5509, 0.0274
1484, 0.5276, 0.0041
1485, 0.5212, -0.0023
1486, 0.5094, -0.0141
1487, 0.4943, -0.0292
1488, 0.5128, -0.0107
1489, 0.5339, 0.0104
1490, 0.5470, 0.0235
1491, 0.5205, -0.0030
1492, 0.5194, -0.0041
1493, 0.5385, 0.0150
1494, 0.5187, -0.0048
1495, 0.5532, 0.0297
1496, 0.5354, 0.0119
1497, 0.5451, 0.0216
1498, 0.5167, -0.0068
1499, 0.5143, -0.0092
1500, 0.5200, -0.0035
1501, 0.5217, -0.0018
1502, 0.5286, 0.0051
1503, 0.5070, -0.0165
1504, 0.5559, 0.0324
1505, 0.5169, -0.0066
1506, 0.5166, -0.0069
1507, 0.5362, 0.0127
1508, 0.5146, -0.0089
1509, 0.5116, -0.0119
1510, 0.5119, -0.0116
1511, 0.4931, -0.0304
1512, 0.5417, 0.0182
1513, 0.5294, 0.0059
1514, 0.5383, 0.0148
1515, 0.5386, 0.0151
1516, 0.5191, -0.0044
1517, 0.5023, -0.0212
1518, 0.5329, 0.0094
1519, 0.5234, -0.0001
1520, 0.5250, 0.0015
1521, 0.5306, 0.0071
1522, 0.5315, 0.0080
1523, 0.5194, -0.0041
1524, 0.5249, 0.0014
1525, 0.5370, 0.0135
1526, 0.5170, -0.0065
1527, 0.5056, -0.0179
1528, 0.5183, -0.0052
1529, 0.5199, -0.0036
1530, 0.5007, -0.0228
1531, 0.5349, 0.0114
1532, 0.5150, -0.0085
1533, 0.5082, -0.0153
1534, 0.5117, -0.0118
1535, 0.5433, 0.0198
1536, 0.5234, -0.0001
1537, 0.5277, 0.0042
1538, 0.5299, 0.0064
1539, 0.5432, 0.0197
1540, 0.5435, 0.0200
1541, 0.5107, -0.0128
1542, 0.5396, 0.0161
1543, 0.5042, -0.0193
1544, 0.5188, -0.0047
1545, 0.5217, -0.0018
1546, 0.5078, -0.0157
1547, 0.5171, -0.0064
1548, 0.5090, -0.0145
1549, 0.5229, -0.0006
1550, 0.5458, 0.0223
1551, 0.5474, 0.0239
1552, 0.5329, 0.0094
1553, 0.5344, 0.0109
1554, 0.5270, 0.0035
1555, 0.5363, 0.0128
1556, 0.5193, -0.0042
1557, 0.5376, 0.0141
1558, 0.5398, 0.0163
1559, 0.4978, -0.0257
1560, 0.5256, 0.0021
1561, 0.5022, -0.0213
1562, 0.5256, 0.0021
1563, 0.5438, 0.0203
1564, 0.5185, -0.0050
1565, 0.5182, -0.0053
1566, 0.5236, 0.0001
1567, 0.5265, 0.0030
1568, 0.5281, 0.0046
1569, 0.4825, -0.0410
1570, 0.5134, -0.0101
1571, 0.5175, -0.0060
1572, 0.5159, -0.0076
1573, 0.4851, -0.0384
1574, 0.5197, -0.0038
1575, 0.5149, -0.0086
1576, 0.5140, -0.0095
1577, 0.5111, -0.0124
1578, 0.5393, 0.0158
1579, 0.5117, -0.0118
1580, 0.5013, -0.0222
1581, 0.5206, -0.0029
1582, 0.5310, 0.0075
1583, 0.5054, -0.0181
1584, 0.5316, 0.0081
1585, 0.5319, 0.0084
1586, 0.5208, -0.0027
1587, 0.5129, -0.0106
1588, 0.5088, -0.0147
1589, 0.5135, -0.0100
1590, 0.5094, -0.0141
1591, 0.5211, -0.0024
1592, 0.5490, 0.0255
1593, 0.5386, 0.0151
1594, 0.5157, -0.0078
1595, 0.5160, -0.0075
1596, 0.5376, 0.0141
1597, 0.5122, -0.0113
1598, 0.5088, -0.0147
1599, 0.5435, 0.0200
1600, 0.5212, -0.0022
1601, 0.5215, -0.0020
1602, 0.5131, -0.0104
1603, 0.5172, -0.0063
1604, 0.5206, -0.0029
1605, 0.5302, 0.0067
1606, 0.5386, 0.0151
1607, 0.5152, -0.0083
1608, 0.5417, 0.0182
1609, 0.5165, -0.0070
1610, 0.5124, -0.0111
1611, 0.5388, 0.0153
1612, 0.5143, -0.0092
1613, 0.5251, 0.0016
1614, 0.5539, 0.0304
1615, 0.5368, 0.0133
1616, 0.5217, -0.0018
1617, 0.5139, -0.0096
1618, 0.5080, -0.0155
1619, 0.4923, -0.0312
1620, 0.5302, 0.0067
1621, 0.5120, -0.0115
1622, 0.5191, -0.0044
1623, 0.5163, -0.0072
1624, 0.5068, -0.0167
1625, 0.5225, -0.0010
1626, 0.5172, -0.0063
1627, 0.5255, 0.0020
1628, 0.5172, -0.0063
1629, 0.5292, 0.0057
1630, 0.5252, 0.0017
1631, 0.5359, 0.0124
1632, 0.5263, 0.0028
1633, 0.5168, -0.0067
1634, 0.5171, -0.0064
1635, 0.5021, -0.0214
1636, 0.5208, -0.0027
1637, 0.5278, 0.0043
1638, 0.5440, 0.0205
1639, 0.5034, -0.0201
1640, 0.5287, 0.0052
1641, 0.5168, -0.0067
1642, 0.5152, -0.0083
1643, 0.5240, 0.0005
1644, 0.5365, 0.0130
1645, 0.5161, -0.0074
1646, 0.5371, 0.0136
1647, 0.5161, -0.0074
1648, 0.5042, -0.0193
1649, 0.5282, 0.0047
1650, 0.5370, 0.0135
1651, 0.5294, 0.0059
1652, 0.5291, 0.0056
1653, 0.5082, -0.0153
1654, 0.5115, -0.0120
1655, 0.5233, -0.0002
1656, 0.5272, 0.0037
1657, 0.5275, 0.0040
1658, 0.5338, 0.0103
1659, 0.5039, -0.0196
1660, 0.5072, -0.0163
1661, 0.5364, 0.0129
1662, 0.5307, 0.0072
1663, 0.5298, 0.0063
1664, 0.5300, 0.0065
1665, 0.5273, 0.0038
1666, 0.5366, 0.0131
1667, 0.5285, 0.0050
1668, 0.5300, 0.0065
1669, 0.5273, 0.0038
1670, 0.5491, 0.0256
1671, 0.5332, 0.0097
1672, 0.5191, -0.0044
1673, 0.5212, -0.0023
1674, 0.5227, -0.0008
1675, 0.5236, 0.0001
1676, 0.5298, 0.0063
1677, 0.5271, 0.0036
1678, 0.5203, -0.0032
1679, 0.5164, -0.0071
1680, 0.5280, 0.0045
1681, 0.5217, -0.0018
1682, 0.5149, -0.0086
1683, 0.5449, 0.0214
1684, 0.5053, -0.0182
1685, 0.5157, -0.0078
1686, 0.5439, 0.0204
1687, 0.5133, -0.0102
1688, 0.5326, 0.0091
1689, 0.5317, 0.0082
1690, 0.5337, 0.0102
1691, 0.4979, -0.0256
1692, 0.5195, -0.0040
1693, 0.5304, 0.0069
1694, 0.5242, 0.0007
1695, 0.5280, 0.0045
1696, 0.5224, -0.0011
1697, 0.5345, 0.0110
1698, 0.5247, 0.0012
1699, 0.5174, -0.0061
1700, 0.5247, 0.0012
1701, 0.4985, -0.0250
1702, 0.5311, 0.0076
1703, 0.5126, -0.0109
1704, 0.5511, 0.0276
1705, 0.5220, -0.0015
1706, 0.5533, 0.0298
1707, 0.5167, -0.0068
1708, 0.5269, 0.0034
1709, 0.5208, -0.0027
1710, 0.5123, -0.0112
1711, 0.5178, -0.0057
1712, 0.5280, 0.0045
1713, 0.5108, -0.0127
1714, 0.5385, 0.0150
1715, 0.5219, -0.0016
1716, 0.5286, 0.0051
1717, 0.5317, 0.0082
1718, 0.5390, 0.0155
1719, 0.5241, 0.0006
1720, 0.5244, 0.0009
1721, 0.5032, -0.0203
1722, 0.5470, 0.0235
1723, 0.5200, -0.0035
1724, 0.5267, 0.0032
1725, 0.4962, -0.0273
1726, 0.5226, -0.0009
1727, 0.5576, 0.0341
1728, 0.5203, -0.0032
1729, 0.5182, -0.0053
1730, 0.5243, 0.0008
1731, 0.5378, 0.0143
1732, 0.5185, -0.0050
1733, 0.5268, 0.0033
1734, 0.5334, 0.0099
1735, 0.5395, 0.0160
1736, 0.5063, -0.0172
1737, 0.5141, -0.0094
1738, 0.5259, 0.0024
1739, 0.5078, -0.0157
1740, 0.5063, -0.0172
1741, 0.5198, -0.0037
1742, 0.5155, -0.0080
1743, 0.5141, -0.0094
1744, 0.5310, 0.0075
1745, 0.4991, -0.0244
1746, 0.5080, -0.0155
1747, 0.5077, -0.0158
1748, 0.5280, 0.0045
1749, 0.5209, -0.0026
1750, 0.5200, -0.0035
1751, 0.5140, -0.0095
1752, 0.5240, 0.0005
1753, 0.5174, -0.0061
1754, 0.5319, 0.0084
1755, 0.5362, 0.0127
1756, 0.5080, -0.0155
1757, 0.5196, -0.0039
1758, 0.5233, -0.0002
1759, 0.5441, 0.0206
1760, 0.5409, 0.0174
1761, 0.5037, -0.0198
1762, 0.5108, -0.0127
1763, 0.5105, -0.0130
1764, 0.5300, 0.0065
1765, 0.5377, 0.0142
1766, 0.5102, -0.0133
1767, 0.5184, -0.0051
1768, 0.5057, -0.0178
1769, 0.5127, -0.0108
1770, 0.5316, 0.0081
1771, 0.5285, 0.0050
1772, 0.5322, 0.0087
1773, 0.5330, 0.0095
1774, 0.5395, 0.0160
1775, 0.5115, -0.0120
1776, 0.5253, 0.0018
1777, 0.4896, -0.0339
1778, 0.5309, 0.0074
1779, 0.5261, 0.0026
1780, 0.5264, 0.0029
1781, 0.5126, -0.0109
1782, 0.5387, 0.0152
1783, 0.5036, -0.0199
1784, 0.5275, 0.0040
1785, 0.5160, -0.0075
1786, 0.5302, 0.0067
1787, 0.5098, -0.0137
1788, 0.5011, -0.0224
1789, 0.5120, -0.0115
1790, 0.4933, -0.0302
1791, 0.5159, -0.0076
1792, 0.5312, 0.0078
1793, 0.5254, 0.0019
1794, 0.5251, 0.0016
1795, 0.5092, -0.0143
1796, 0.5379, 0.0144
1797, 0.5214, -0.0021
1798, 0.5389, 0.0154
1799, 0.5381, 0.0146
1800, 0.5044, -0.0191
1801, 0.5397, 0.0162
1802, 0.5244, 0.0009
1803, 0.5446, 0.0211
1804, 0.5194, -0.0041
1805, 0.5175, -0.0060
1806, 0.5282, 0.0047
1807, 0.5113, -0.0122
1808, 0.5111, -0.0124
1809, 0.5180, -0.0055
1810, 0.4939, -0.0296
1811, 0.5135, -0.0100
1812, 0.5050, -0.0185
1813, 0.5290, 0.0055
1814, 0.5138, -0.0097
1815, 0.5256, 0.0021
1816, 0.5231, -0.0004
1817, 0.5195, -0.0040
1818, 0.5358, 0.0123
1819, 0.5091, -0.0144
1820, 0.5313, 0.0078
1821, 0.5030, -0.0205
1822, 0.5296, 0.0061
1823, 0.5217, -0.0018
1824, 0.5027, -0.0208
1825, 0.5068, -0.0167
1826, 0.5044, -0.0191
1827, 0.5151, -0.0084
1828, 0.5246, 0.0011
1829, 0.5265, 0.0030
1830, 0.5251, 0.0016
1831, 0.5385, 0.0150
1832, 0.5191, -0.0044
1833, 0.5341, 0.0106
1834, 0.5196, -0.0039
1835, 0.5237, 0.0002
1836, 0.5294, 0.0059
1837, 0.5052, -0.0183
1838, 0.5201, -0.0034
1839, 0.5182, -0.0053
1840, 0.5212, -0.0023
1841, 0.5100, -0.0135
1842, 0.5282, 0.0047
1843, 0.5198, -0.0037
1844, 0.5249, 0.0014
1845, 0.5209, -0.0026
1846, 0.5238, 0.0003
1847, 0.5268, 0.0033
1848, 0.5087, -0.0148
1849, 0.5311, 0.0076
1850, 0.5195, -0.0040
1851, 0.5100, -0.0135
1852, 0.5254, 0.0019
1853, 0.4916, -0.0319
1854, 0.5189, -0.0046
1855, 0.5197, -0.0038
1856, 0.5275, 0.0040
1857, 0.5143, -0.0092
1858, 0.5344, 0.0109
1859, 0.5309, 0.0074
1860, 0.5269, 0.0034
1861, 0.5347, 0.0112
1862, 0.5247, 0.0012
1863, 0.5373, 0.0138
1864, 0.5295, 0.0060
1865, 0.5303, 0.0068
1866, 0.5300, 0.0065
1867, 0.5078, -0.0157
1868, 0.5171, -0.0064
1869, 0.5126, -0.0109
1870, 0.5455, 0.0220
1871, 0.5254, 0.0019
1872, 0.5208, -0.0027
1873, 0.5211, -0.0024
1874, 0.5011, -0.0224
1875, 0.5141, -0.0094
1876, 0.5203, -0.0032
1877, 0.5280, 0.0045
1878, 0.5250, 0.0015
1879, 0.5141, -0.0094
1880, 0.5186, -0.0049
1881, 0.5343, 0.0108
1882, 0.5181, -0.0054
1883, 0.5279, 0.0044
1884, 0.5313, 0.0078
1885, 0.5215, -0.0020
1886, 0.5159, -0.0076
1887, 0.5183, -0.0052
1888, 0.5291, 0.0056
1889, 0.5580, 0.0345
1890, 0.5339, 0.0104
1891, 0.5246, 0.0011
1892, 0.5079, -0.0156
1893, 0.5256, 0.0021
1894, 0.5232, -0.0003
1895, 0.5040, -0.0195
1896, 0.5037, -0.0198
1897, 0.5256, 0.0021
1898, 0.5332, 0.0097
1899, 0.5287, 0.0052
1900, 0.5442, 0.0207
1901, 0.5271, 0.0036
1902, 0.5305, 0.0070
1903, 0.5181, -0.0054
1904, 0.5074, -0.0161
1905, 0.5276, 0.0041
1906, 0.5362, 0.0127
1907, 0.5260, 0.0025
1908, 0.5236, 0.0001
1909, 0.5134, -0.0101
1910, 0.5361, 0.0126
1911, 0.5322, 0.0087
1912, 0.5361, 0.0126
1913, 0.5400, 0.0165
1914, 0.4969, -0.0266
1915, 0.5238, 0.0003
1916, 0.5402, 0.0167
1917, 0.5196, -0.0039
1918, 0.5172, -0.0063
1919, 0.5367, 0.0132
1920, 0.5151, -0.0084
1921, 0.5107, -0.0128
1922, 0.5401, 0.0166
1923, 0.4997, -0.0238
1924, 0.5374, 0.0139
1925, 0.5242, 0.0007
1926, 0.5291, 0.0056
1927, 0.5184, -0.0051
1928, 0.5135, -0.0100
1929, 0.5075, -0.0160
1930, 0.5389, 0.0154
1931, 0.5215, -0.0020
1932, 0.5316, 0.0081
1933, 0.5168, -0.0067
1934, 0.5248, 0.0013
1935, 0.5282, 0.0047
1936, 0.5465, 0.0230
1937, 0.5390, 0.0155
1938, 0.5170, -0.0065
1939, 0.5240, 0.0005
1940, 0.5278, 0.0043
1941, 0.4967, -0.0268
1942, 0.5165, -0.0070
1943, 0.5147, -0.0088
1944, 0.5113, -0.0122
1945, 0.5208, -0.0027
1946, 0.5267, 0.0032
1947, 0.5121, -0.0114
1948, 0.5252, 0.0017
1949, 0.5300, 0.0065
1950, 0.5062, -0.0173
1951, 0.5079, -0.0156
1952, 0.5272, 0.0037
1953, 0.5428, 0.0193
1954, 0.5420, 0.0185
1955, 0.5299, 0.0064
1956, 0.5383, 0.0148
1957, 0.5248, 0.0013
1958, 0.5169, -0.0066
1959, 0.5339, 0.0104
1960, 0.5240, 0.0005
1961, 0.5268, 0.0033
1962, 0.5061, -0.0174
1963, 0.5262, 0.0027
1964, 0.5290, 0.0055
1965, 0.5415, 0.0180
1966, 0.5310, 0.0075
1967, 0.5460, 0.0225
1968, 0.5208, -0.0027
1969, 0.5180, -0.0055
1970, 0.5107, -0.0128
1971, 0.5368, 0.0133
1972, 0.5259, 0.0024
1973, 0.5378, 0.0143
1974, 0.5344, 0.0109
1975, 0.5438, 0.0203
1976, 0.5344, 0.0109
1977, 0.5175, -0.0060
1978, 0.5440, 0.0205
1979, 0.5200, -0.0035
1980, 0.5535, 0.0300
1981, 0.5295, 0.0060
1982, 0.5151, -0.0084
1983, 0.5255, 0.0020
1984, 0.5237, 0.0002
1985, 0.5249, 0.0014
1986, 0.5358, 0.0123
1987, 0.5118, -0.0117
1988, 0.5231, -0.0004
1989, 0.5148, -0.0087
1990, 0.5141, -0.0094
1991, 0.5334, 0.0099
1992, 0.5236, 0.0001
1993, 0.5198, -0.0037
1994, 0.5246, 0.0011
1995, 0.5353, 0.0118
1996, 0.5286, 0.0051
1997, 0.5078, -0.0157
1998, 0.5255, 0.0020
1999, 0.5443, 0.0208
2000, 0.5155, -0.0080
2001, 0.5142, -0.0093
2002, 0.5235, -0.0000
2003, 0.5157, -0.0078
2004, 0.5150, -0.0085
2005, 0.5152, -0.0083
2006, 0.5090, -0.0145
2007, 0.5282, 0.0047
2008, 0.5349, 0.0114
2009, 0.5535, 0.0300
2010, 0.5289, 0.0054
2011, 0.5326, 0.0091
2012, 0.5333, 0.0098
2013, 0.5310, 0.0075
2014, 0.5308, 0.0073
2015, 0.5246, 0.0011
2016, 0.5347, 0.0112
2017, 0.5136, -0.0099
2018, 0.5124, -0.0111
2019, 0.5151, -0.0084
2020, 0.5248, 0.0013
2021, 0.5275, 0.0040
2022, 0.5302, 0.0067
2023, 0.5195, -0.0040
2024, 0.5316, 0.0081
2025, 0.5264, 0.0029
2026, 0.5222, -0.0013
2027, 0.5442, 0.0207
2028, 0.5118, -0.0117
2029, 0.5313, 0.0078
2030, 0.5227, -0.0008
2031, 0.5165, -0.0070
2032, 0.5103, -0.0132
2033, 0.5204, -0.0031
2034, 0.5300, 0.0065
2035, 0.5199, -0.0036
2036, 0.5177, -0.0058
2037, 0.5292, 0.0057
2038, 0.5348, 0.0113
2039, 0.5120, -0.0115
2040, 0.5338, 0.0103
2041, 0.5424, 0.0189
2042, 0.5309, 0.0074
2043, 0.5237, 0.0002
2044, 0.5279, 0.0044
2045, 0.5174, -0.0061
2046, 0.5059, -0.0176
2047, 0.5213, -0.0022
2048, 0.5264, 0.0029
2049, 0.5139, -0.0096
2050, 0.5102, -0.0133
2051, 0.5305, 0.0070
2052, 0.5127, -0.0108
2053, 0.5153, -0.0082
2054, 0.5307, 0.0072
2055, 0.5387, 0.0152
2056, 0.5272, 0.0037
2057, 0.5124, -0.0111
2058, 0.5219, -0.0016
2059, 0.5357, 0.0122
2060, 0.5383, 0.0148
2061, 0.5080, -0.0155
2062, 0.5364, 0.0129
2063, 0.5158, -0.0077
2064, 0.5170, -0.0065
2065, 0.5288, 0.0053
2066, 0.5300, 0.0065
2067, 0.5109, -0.0126
2068, 0.5102, -0.0133
2069, 0.5022, -0.0213
2070, 0.5106, -0.0129
2071, 0.5297, 0.0062
2072, 0.5251, 0.0016
2073, 0.5422, 0.0187
2074, 0.5048, -0.0187
2075, 0.5065, -0.0170
2076, 0.5231, -0.0004
2077, 0.5137, -0.0098
2078, 0.5269, 0.0034
2079, 0.5301, 0.0066
2080, 0.5135, -0.0100
2081, 0.5084, -0.0151
2082, 0.5259, 0.0024
2083, 0.5449, 0.0214
2084, 0.5326, 0.0091
2085, 0.5165, -0.0070
2086, 0.5125, -0.0110
2087, 0.5098, -0.0137
2088, 0.5134, -0.0101
2089, 0.5424, 0.0189
2090, 0.5416, 0.0181
2091, 0.5112, -0.0123
2092, 0.5182, -0.0053
2093, 0.5045, -0.0190
2094, 0.5239, 0.0004
2095, 0.5169, -0.0066
2096, 0.5281, 0.0046
2097, 0.5064, -0.0171
2098, 0.5272, 0.0037
2099, 0.5183, -0.0052
2100, 0.5305, 0.0070
2101, 0.5359, 0.0124
2102, 0.5376, 0.0141
2103, 0.5183, -0.0052
2104, 0.5176, -0.0059
2105, 0.5378, 0.0143
2106, 0.5119, -0.0116
2107, 0.5216, -0.0019
2108, 0.5394, 0.0159
2109, 0.5235, -0.0000
2110, 0.5227, -0.0008
2111, 0.5315, 0.0080
2112, 0.5365, 0.0130
2113, 0.5442, 0.0207
2114, 0.5369, 0.0134
2115, 0.5267, 0.0032
2116, 0.5321, 0.0086
2117, 0.5139, -0.0096
2118, 0.5231, -0.0004
2119, 0.5191, -0.0044
2120, 0.5292, 0.0057
2121, 0.5328, 0.0093
2122, 0.5061, -0.0174
2123, 0.5266, 0.0031
2124, 0.5089, -0.0146
2125, 0.5384, 0.0149
2126, 0.5136, -0.0099
2127, 0.5120, -0.0115
2128, 0.5362, 0.0127
2129, 0.5355, 0.0120
2130, 0.5056, -0.0179
2131, 0.5199, -0.0036
2132, 0.5352, 0.0117
2133, 0.5349, 0.0114
2134, 0.5351, 0.0116
2135, 0.5433, 0.0198
2136, 0.5332, 0.0097
2137, 0.5255, 0.0020
2138, 0.5313, 0.0078
2139, 0.5353, 0.0118
2140, 0.5075, -0.0160
2141, 0.5072, -0.0163
2142, 0.5149, -0.0086
2143, 0.5352, 0.0117
2144, 0.5140, -0.0095
2145, 0.5361, 0.0126
2146, 0.5359, 0.0124
2147, 0.5296, 0.0061
2148, 0.5419, 0.0184
2149, 0.5389, 0.0154
2150, 0.5330, 0.0095
2151, 0.5351, 0.0116
2152, 0.5181, -0.0054
2153, 0.5332, 0.0097
2154, 0.5404, 0.0169
2155, 0.5174, -0.0061
2156, 0.5144, -0.0091
2157, 0.5327, 0.0092
2158, 0.5042, -0.0193
2159, 0.5081, -0.0154
2160, 0.5417, 0.0182
2161, 0.5266, 0.0031
2162, 0.5310, 0.0075
2163, 0.5344, 0.0109
2164, 0.5134, -0.0101
2165, 0.5367, 0.0132
2166, 0.5314, 0.0079
2167, 0.5302, 0.0067
2168, 0.5286, 0.0051
2169, 0.5357, 0.0122
2170, 0.5115, -0.0120
2171, 0.5104, -0.0131
2172, 0.5253, 0.0018
2173, 0.5200, -0.0035
2174, 0.5032, -0.0203
2175, 0.5071, -0.0164
2176, 0.5198, -0.0037
2177, 0.5090, -0.0145
2178, 0.5266, 0.0031
2179, 0.5351, 0.0116
2180, 0.5101, -0.0134
2181, 0.5158, -0.0077
2182, 0.5165, -0.0070
2183, 0.5254, 0.0019
2184, 0.5293, 0.0058
2185, 0.5272, 0.0037
2186, 0.5242, 0.0007
2187, 0.5203, -0.0032
2188, 0.5169, -0.0066
2189, 0.5217, -0.0018
2190, 0.5324, 0.0089
2191, 0.5390, 0.0155
2192, 0.5105, -0.0130
2193, 0.5144, -0.0091
2194, 0.5191, -0.0044
2195, 0.5298, 0.0063
2196, 0.5205, -0.0030
2197, 0.5257, 0.0022
2198, 0.5287, 0.0052
2199, 0.5139, -0.0096
2200, 0.5232, -0.0003
2201, 0.5179, -0.0056
2202, 0.5359, 0.0124
2203, 0.5089, -0.0146
2204, 0.5363, 0.0128
2205, 0.5107, -0.0128
2206, 0.5358, 0.0123
2207, 0.5129, -0.0106
2208, 0.5199, -0.0036
2209, 0.5297, 0.0062
2210, 0.5190, -0.0045
2211, 0.5355, 0.0120
2212, 0.5158, -0.0077
2213, 0.5174, -0.0061
2214, 0.5280, 0.0045
2215, 0.5106, -0.0129
2216, 0.5420, 0.0185
2217, 0.5232, -0.0003
2218, 0.5374, 0.0139
2219, 0.5295, 0.0060
2220, 0.4964, -0.0271
2221, 0.5169, -0.0066
2222, 0.5194, -0.0041
2223, 0.5331, 0.0096
2224, 0.5144, -0.0091
2225, 0.5254, 0.0019
2226, 0.5018, -0.0217
2227, 0.5388, 0.0153
2228, 0.5346, 0.0111
2229, 0.5186, -0.0049
2230, 0.5058, -0.0177
2231, 0.5316, 0.0081
2232, 0.5018, -0.0217
2233, 0.5311, 0.0076
2234, 0.5179, -0.0056
2235, 0.5253, 0.0018
2236, 0.5313, 0.0078
2237, 0.5172, -0.0063
2238, 0.5313, 0.0078
2239, 0.5373, 0.0138
2240, 0.5424, 0.0189
2241, 0.5283, 0.0048
2242, 0.5125, -0.0110
2243, 0.5256, 0.0021
2244, 0.5290, 0.0055
2245, 0.5332, 0.0097
2246, 0.5058, -0.0177
2247, 0.5105, -0.0130
2248, 0.5343, 0.0108
2249, 0.5265, 0.0030
2250, 0.5196, -0.0039
2251, 0.5322, 0.0087
2252, 0.5058, -0.0177
2253, 0.5180, -0.0055
2254, 0.5186, -0.0049
2255, 0.5082, -0.0153
2256, 0.5346, 0.0111
2257, 0.5078, -0.0157
2258, 0.5213, -0.0022
2259, 0.5162, -0.0073
2260, 0.5243, 0.0008
2261, 0.5215, -0.0020
2262, 0.5221, -0.0014
2263, 0.5214, -0.0021
2264, 0.5119, -0.0116
2265, 0.5298, 0.0063
2266, 0.5185, -0.0050
2267, 0.5417, 0.0182
2268, 0.5216, -0.0019
2269, 0.5465, 0.0230
2270, 0.5238, 0.0003
2271, 0.5196, -0.0039
2272, 0.5260, 0.0025
2273, 0.5130, -0.0105
2274, 0.5057, -0.0178
2275, 0.5358, 0.0123
2276, 0.5211, -0.0024
2277, 0.5279, 0.0044
2278, 0.5255, 0.0020
2279, 0.5195, -0.0040
2280, 0.5254, 0.0019
2281, 0.5432, 0.0197
2282, 0.5223, -0.0012
2283, 0.5085, -0.0150
2284, 0.5210, -0.0025
2285, 0.5046, -0.0189
2286, 0.5210, -0.0025
2287, 0.5142, -0.0093
2288, 0.5271, 0.0036
2289, 0.5264, 0.0029
2290, 0.5179, -0.0056
2291, 0.5255, 0.0020
2292, 0.5375, 0.0140
2293, 0.5037, -0.0198
2294, 0.5344, 0.0109
2295, 0.5242, 0.0007
2296, 0.4952, -0.0283
2297, 0.5220, -0.0015
2298, 0.4970, -0.0265
2299, 0.5141, -0.0094
2300, 0.5287, 0.0052
2301, 0.5120, -0.0115
2302, 0.5139, -0.0096
2303, 0.5167, -0.0068
2304, 0.5109, -0.0126
2305, 0.5128, -0.0107
2306, 0.5282, 0.0047
2307, 0.5219, -0.0016
2308, 0.5178, -0.0057
2309, 0.5219, -0.0016
2310, 0.5390, 0.0155
2311, 0.5180, -0.0055
2312, 0.5130, -0.0105
2313, 0.5413, 0.0178
2314, 0.5264, 0.0029
2315, 0.5292, 0.0057
2316, 0.5458, 0.0223
2317, 0.5373, 0.0138
2318, 0.5315, 0.0080
2319, 0.5170, -0.0065
2320, 0.5060, -0.0175
2321, 0.5149, -0.0086
2322, 0.5263, 0.0028
2323, 0.5222, -0.0013
2324, 0.5168, -0.0067
2325, 0.5320, 0.0085
2326, 0.5353, 0.0118
2327, 0.5440, 0.0205
2328, 0.5198, -0.0037
2329, 0.5247, 0.0012
2330, 0.5253, 0.0018
2331, 0.5054, -0.0181
2332, 0.5300, 0.0065
2333, 0.5161, -0.0074
2334, 0.5300, 0.0065
2335, 0.5259, 0.0024
2336, 0.5235, 0.0000
2337, 0.5058, -0.0177
2338, 0.5192, -0.0043
2339, 0.5160, -0.0075
2340, 0.5346, 0.0111
2341, 0.5323, 0.0088
2342, 0.5290, 0.0055
2343, 0.5241, 0.0006
2344, 0.5107, -0.0128
2345, 0.5420, 0.0185
2346, 0.5171, -0.0064
2347, 0.5288, 0.0053
2348, 0.5383, 0.0148
2349, 0.5215, -0.0020
2350, 0.5174, -0.0061
2351, 0.5228, -0.0007
2352, 0.5298, 0.0063
2353, 0.5125, -0.0110
2354, 0.5123, -0.0112
2355, 0.5202, -0.0033
2356, 0.5314, 0.0079
2357, 0.5397, 0.0162
2358, 0.5360, 0.0125
2359, 0.5244, 0.0009
2360, 0.5055, -0.0180
2361, 0.5100, -0.0135
2362, 0.5284, 0.0049
2363, 0.5273, 0.0038
2364, 0.5212, -0.0023
2365, 0.5442, 0.0207
2366, 0.5114, -0.0121
2367, 0.5218, -0.0017
2368, 0.5186, -0.0049
2369, 0.5272, 0.0037
2370, 0.5186, -0.0049
2371, 0.4973, -0.0262
2372, 0.5274, 0.0039
2373, 0.5247, 0.0012
2374, 0.5320, 0.0085
2375, 0.5385, 0.0150
2376, 0.5181, -0.0054
2377, 0.5255, 0.0020
2378, 0.5088, -0.0147
2379, 0.5343, 0.0108
2380, 0.5248, 0.0013
2381, 0.5313, 0.0078
2382, 0.5243, 0.0008
2383, 0.5300, 0.0065
2384, 0.5214, -0.0021
2385, 0.5187, -0.0048
2386, 0.5193, -0.0042
2387, 0.5224, -0.0011
2388, 0.5314, 0.0079
2389, 0.5366, 0.0131
2390, 0.5264, 0.0029
2391, 0.5299, 0.0064
2392, 0.5217, -0.0018
2393, 0.5295, 0.0060
2394, 0.5259, 0.0024
2395, 0.5161, -0.0074
2396, 0.5179, -0.0056
2397, 0.5269, 0.0034
2398, 0.5267, 0.0032
2399, 0.5077, -0.0158
2400, 0.5254, 0.0019
2401, 0.5256, 0.0021
2402, 0.5183, -0.0052
2403, 0.5069, -0.0166
2404, 0.5183, -0.0052
2405, 0.5401, 0.0166
2406, 0.5187, -0.0048
2407, 0.5280, 0.0045
2408, 0.5403, 0.0168
2409, 0.5347, 0.0112
2410, 0.5253, 0.0018
2411, 0.5268, 0.0033
2412, 0.5211, -0.0024
2413, 0.5321, 0.0086
2414, 0.5240, 0.0005
2415, 0.5201, -0.0034
2416, 0.5120, -0.0115
2417, 0.5387, 0.0152
2418, 0.5141, -0.0094
2419, 0.5267, 0.0032
2420, 0.5190, -0.0045
2421, 0.5229, -0.0006
2422, 0.5157, -0.0078
2423, 0.5113, -0.0122
2424, 0.5190, -0.0045
2425, 0.5270, 0.0035
2426, 0.5408, 0.0173
2427, 0.5192, -0.0043
2428, 0.5309, 0.0074
2429, 0.5364, 0.0129
2430, 0.5206, -0.0029
2431, 0.5150, -0.0085
2432, 0.5189, -0.0046
2433, 0.5101, -0.0134
2434, 0.5082, -0.0153
2435, 0.5170, -0.0065
2436, 0.5156, -0.0079
2437, 0.5174, -0.0061
2438, 0.5316, 0.0081
2439, 0.5182, -0.0053
2440, 0.5266, 0.0031
2441, 0.5145, -0.0090
2442, 0.5078, -0.0157
2443, 0.5190, -0.0045
2444, 0.5266, 0.0031
2445, 0.5145, -0.0090
2446, 0.5135, -0.0100
2447, 0.5088, -0.0147
2448, 0.5282, 0.0047
2449, 0.5312, 0.0077
2450, 0.5335, 0.0100
2451, 0.5275, 0.0040
2452, 0.5151, -0.0084
2453, 0.5153, -0.0082
2454, 0.5253, 0.0018
2455, 0.5136, -0.0099
2456, 0.5314, 0.0079
2457, 0.5295, 0.0060
2458, 0.5195, -0.0040
2459, 0.5303, 0.0068
2460, 0.5150, -0.0085
2461, 0.5270, 0.0035
2462, 0.5158, -0.0077
2463, 0.5270, 0.0035
2464, 0.5325, 0.0090
2465, 0.5262, 0.0027
2466, 0.5182, -0.0053
2467, 0.5156, -0.0079
2468, 0.5296, 0.0061
2469, 0.5217, -0.0018
2470, 0.5166, -0.0069
2471, 0.5217, -0.0018
2472, 0.5206, -0.0029
2473, 0.5164, -0.0071
2474, 0.5247, 0.0012
2475, 0.5253, 0.0018
2476, 0.5307, 0.0072
2477, 0.5248, 0.0013
2478, 0.5230, -0.0005
2479, 0.5280, 0.0045
2480, 0.5460, 0.0225
2481, 0.5292, 0.0057
2482, 0.5338, 0.0103
2483, 0.5155, -0.0080
2484, 0.5427, 0.0192
2485, 0.5239, 0.0004
2486, 0.5265, 0.0030
2487, 0.5223, -0.0012
2488, 0.4984, -0.0251
2489, 0.5147, -0.0088
2490, 0.5353, 0.0118
2491, 0.5331, 0.0096
2492, 0.5377, 0.0142
2493, 0.5187, -0.0048
2494, 0.5084, -0.0151
2495, 0.5407, 0.0172
2496, 0.4992, -0.0243
2497, 0.5150, -0.0085
2498, 0.5096, -0.0139
2499, 0.5350, 0.0115
2500, 0.5184, -0.0051
2501, 0.5346, 0.0111
2502, 0.5136, -0.0099
2503, 0.5354, 0.0119
2504, 0.5028, -0.0207
2505, 0.5309, 0.0074
2506, 0.5343, 0.0108
2507, 0.5241, 0.0006
2508, 0.5327, 0.0092
2509, 0.5305, 0.0070
2510, 0.5155, -0.0080
2511, 0.5436, 0.0201
2512, 0.5307, 0.0072
2513, 0.5209, -0.0026
2514, 0.5191, -0.0044
2515, 0.5137, -0.0098
2516, 0.5219, -0.0016
2517, 0.5236, 0.0001
2518, 0.5266, 0.0031
2519, 0.5260, 0.0025
2520, 0.5345, 0.0110
2521, 0.5113, -0.0122
2522, 0.5285, 0.0050
2523, 0.5331, 0.0096
2524, 0.5107, -0.0128
2525, 0.5125, -0.0110
2526, 0.5166, -0.0069
2527, 0.5168, -0.0067
2528, 0.5289, 0.0054
2529, 0.5093, -0.0142
2530, 0.5439, 0.0204
2531, 0.5279, 0.0044
2532, 0.5383, 0.0148
2533, 0.5266, 0.0031
2534, 0.5284, 0.0049
2535, 0.5353, 0.0118
2536, 0.5221, -0.0014
2537, 0.5302, 0.0067
2538, 0.5260, 0.0025
2539, 0.5124, -0.0111
2540, 0.5441, 0.0206
2541, 0.5466, 0.0231
2542, 0.5303, 0.0068
2543, 0.5159, -0.0076
2544, 0.5204, -0.0031
2545, 0.5167, -0.0068
2546, 0.5086, -0.0149
2547, 0.5245, 0.0010
2548, 0.4894, -0.0341
2549, 0.5371, 0.0136
2550, 0.5216, -0.0019
2551, 0.5225, -0.0010
2552, 0.5270, 0.0035
2553, 0.5233, -0.0002
2554, 0.5345, 0.0110
2555, 0.5268, 0.0033
2556, 0.5153, -0.0082
2557, 0.5178, -0.0057
2558, 0.5125, -0.0110
2559, 0.5248, 0.0013
2560, 0.5156, -0.0079
2561, 0.4979, -0.0256
2562, 0.5156, -0.0079
2563, 0.5189, -0.0046
2564, 0.5140, -0.0095
2565, 0.5189, -0.0046
2566, 0.5253, 0.0018
2567, 0.5185, -0.0050
2568, 0.5331, 0.0096
2569, 0.5247, 0.0012
2570, 0.5179, -0.0056
2571, 0.5251, 0.0016
2572, 0.5432, 0.0197
2573, 0.5262, 0.0027
2574, 0.5272, 0.0037
2575, 0.5130, -0.0105
2576, 0.5252, 0.0017
2577, 0.5324, 0.0089
2578, 0.5337, 0.0102
2579, 0.5355, 0.0120
2580, 0.5349, 0.0114
2581, 0.5219, -0.0016
2582, 0.5194, -0.0041
2583, 0.5316, 0.0081
2584, 0.5104, -0.0131
2585, 0.5207, -0.0028
2586, 0.5151, -0.0084
2587, 0.5338, 0.0103
2588, 0.5348, 0.0113
2589, 0.5203, -0.0032
2590, 0.5216, -0.0019
2591, 0.5253, 0.0018
2592, 0.5166, -0.0069
2593, 0.5253, 0.0018
2594, 0.5366, 0.0131
2595, 0.5125, -0.0110
2596, 0.5220, -0.0015
2597, 0.5318, 0.0083
2598, 0.5246, 0.0011
2599, 0.5290, 0.0055
2600, 0.5108, -0.0127
2601, 0.5352, 0.0117
2602, 0.5327, 0.0092
2603, 0.5125, -0.0110
2604, 0.5200, -0.0035
2605, 0.5213, -0.0022
2606, 0.5261, 0.0026
2607, 0.5263, 0.0028
2608, 0.5234, -0.0001
2609, 0.5289, 0.0054
2610, 0.5356, 0.0121
2611, 0.5450, 0.0215
2612, 0.5165, -0.0070
2613, 0.5343, 0.0108
2614, 0.5402, 0.0167
2615, 0.5086, -0.0149
2616, 0.5134, -0.0101
2617, 0.5162, -0.0073
2618, 0.5321, 0.0086
2619, 0.5265, 0.0030
2620, 0.5416, 0.0181
2621, 0.5189, -0.0046
2622, 0.5221, -0.0014
2623, 0.5303, 0.0068
2624, 0.5198, -0.0037
2625, 0.5082, -0.0153
2626, 0.5316, 0.0081
2627, 0.5196, -0.0039
2628, 0.5464, 0.0229
2629, 0.5143, -0.0092
2630, 0.5365, 0.0130
2631, 0.5196, -0.0039
2632, 0.5300, 0.0065
2633, 0.5359, 0.0124
2634, 0.5182, -0.0053
2635, 0.5381, 0.0146
2636, 0.5144, -0.0091
2637, 0.5385, 0.0150
2638, 0.5288, 0.0053
2639, 0.5260, 0.0025
2640, 0.5223, -0.0012
2641, 0.5203, -0.0032
2642, 0.5246, 0.0011
2643, 0.5157, -0.0078
2644, 0.5321, 0.0086
2645, 0.5335, 0.0100
2646, 0.5363, 0.0128
2647, 0.5236, 0.0001
2648, 0.5132, -0.0103
2649, 0.5277, 0.0042
2650, 0.5049, -0.0186
2651, 0.5364, 0.0129
2652, 0.5238, 0.0003
2653, 0.5288, 0.0053
2654, 0.5426, 0.0191
2655, 0.5288, 0.0053
2656, 0.5407, 0.0172
2657, 0.5220, -0.0015
2658, 0.5128, -0.0107
2659, 0.5269, 0.0034
2660, 0.5436, 0.0201
2661, 0.5163, -0.0072
2662, 0.5079, -0.0156
2663, 0.5141, -0.0094
2664, 0.5270, 0.0035
2665, 0.5253, 0.0018
2666, 0.5206, -0.0029
2667, 0.5231, -0.0004
2668, 0.5277, 0.0042
2669, 0.5339, 0.0104
2670, 0.5390, 0.0155
2671, 0.5084, -0.0151
2672, 0.5382, 0.0147
2673, 0.5166, -0.0069
2674, 0.5224, -0.0011
2675, 0.5252, 0.0017
2676, 0.5153, -0.0082
2677, 0.5222, -0.0013
2678, 0.5138, -0.0097
2679, 0.5230, -0.0005
2680, 0.5261, 0.0026
2681, 0.5214, -0.0021
2682, 0.5179, -0.0056
2683, 0.5173, -0.0062
2684, 0.5145, -0.0090
2685, 0.5296, 0.0061
2686, 0.5201, -0.0034
2687, 0.5329, 0.0094
2688, 0.5190, -0.0045
2689, 0.5262, 0.0027
2690, 0.5193, -0.0042
2691, 0.5191, -0.0044
2692, 0.5085, -0.0150
2693, 0.5165, -0.0070
2694, 0.5319, 0.0084
2695, 0.5161, -0.0074
2696, 0.5200, -0.0035
2697, 0.5447, 0.0212
2698, 0.5289, 0.0054
2699, 0.5206, -0.0029
2700, 0.5400, 0.0165
2701, 0.5165, -0.0070
2702, 0.5204, -0.0031
2703, 0.5283, 0.0048
2704, 0.5433, 0.0198
2705, 0.5342, 0.0107
2706, 0.5314, 0.0079
2707, 0.5135, -0.0100
2708, 0.5133, -0.0102
2709, 0.5253, 0.0018
2710, 0.5148, -0.0087
2711, 0.5260, 0.0025
2712, 0.5085, -0.0150
2713, 0.5337, 0.0102
2714, 0.5273, 0.0038
2715, 0.5105, -0.0130
2716, 0.5085, -0.0150
2717, 0.5127, -0.0108
2718, 0.5272, 0.0037
2719, 0.5351, 0.0116
2720, 0.5375, 0.0140
2721, 0.5204, -0.0031
2722, 0.5334, 0.0099
2723, 0.5174, -0.0061
2724, 0.5308, 0.0073
2725, 0.5292, 0.0057
2726, 0.5257, 0.0022
2727, 0.5211, -0.0024
2728, 0.5062, -0.0173
2729, 0.5229, -0.0006
2730, 0.5249, 0.0014
2731, 0.5156, -0.0079
2732, 0.5062, -0.0173
2733, 0.5159, -0.0076
2734, 0.5249, 0.0014
2735, 0.5287, 0.0052
2736, 0.5164, -0.0071
2737, 0.5469, 0.0234
2738, 0.5299, 0.0064
2739, 0.5068, -0.0167
2740, 0.5190, -0.0045
2741, 0.5243, 0.0008
2742, 0.5274, 0.0039
2743, 0.5293, 0.0058
2744, 0.5219, -0.0016
2745, 0.5144, -0.0091
2746, 0.5240, 0.0005
2747, 0.5300, 0.0065
2748, 0.5189, -0.0046
2749, 0.5235, -0.0000
2750, 0.5138, -0.0097
2751, 0.5158, -0.0077
2752, 0.5432, 0.0197
2753, 0.5311, 0.0076
2754, 0.5290, 0.0055
2755, 0.5220, -0.0015
2756, 0.5207, -0.0028
2757, 0.5154, -0.0081
2758, 0.5250, 0.0015
2759, 0.5176, -0.0059
2760, 0.5406, 0.0171
2761, 0.5302, 0.0067
2762, 0.5246, 0.0011
2763, 0.5201, -0.0034
2764, 0.5116, -0.0119
2765, 0.5042, -0.0193
2766, 0.5293, 0.0058
2767, 0.5143, -0.0092
2768, 0.5202, -0.0033
2769, 0.5125, -0.0110
2770, 0.4949, -0.0286
2771, 0.5323, 0.0088
2772, 0.5328, 0.0093
2773, 0.5308, 0.0073
2774, 0.5191, -0.0044
2775, 0.5301, 0.0066
2776, 0.5238, 0.0003
2777, 0.5236, 0.0001
2778, 0.5230, -0.0005
2779, 0.5290, 0.0055
2780, 0.5198, -0.0037
2781, 0.5167, -0.0068
2782, 0.5176, -0.0059
2783, 0.5250, 0.0015
2784, 0.5266, 0.0031
2785, 0.5239, 0.0004
2786, 0.5165, -0.0070
2787, 0.5178, -0.0057
2788, 0.5165, -0.0070
2789, 0.5203, -0.0032
2790, 0.5341, 0.0106
2791, 0.5285, 0.0050
2792, 0.5272, 0.0037
2793, 0.5245, 0.0010
2794, 0.5326, 0.0091
2795, 0.5306, 0.0071
2796, 0.5372, 0.0137
2797, 0.5295, 0.0060
2798, 0.5322, 0.0087
2799, 0.5363, 0.0128
2800, 0.5225, -0.0010
2801, 0.5095, -0.0140
2802, 0.5268, 0.0033
2803, 0.5252, 0.0017
2804, 0.5282, 0.0047
2805, 0.5323, 0.0088
2806, 0.5260, 0.0025
2807, 0.5255, 0.0020
2808, 0.5061, -0.0174
2809, 0.5101, -0.0134
2810, 0.5217, -0.0018
2811, 0.5443, 0.0208
2812, 0.5196, -0.0039
2813, 0.4931, -0.0304
2814, 0.5274, 0.0039
2815, 0.5151, -0.0084
2816, 0.5213, -0.0022
2817, 0.5211, -0.0024
2818, 0.5060, -0.0175
2819, 0.5286, 0.0051
2820, 0.5255, 0.0020
2821, 0.5172, -0.0063
2822, 0.5220, -0.0015
2823, 0.5243, 0.0008
2824, 0.5258, 0.0023
2825, 0.5281, 0.0046
2826, 0.5234, -0.0001
2827, 0.5115, -0.0120
2828, 0.5103, -0.0132
2829, 0.5207, -0.0028
2830, 0.5173, -0.0062
2831, 0.5196, -0.0039
2832, 0.5410, 0.0175
2833, 0.5079, -0.0156
2834, 0.5483, 0.0248
2835, 0.5259, 0.0024
2836, 0.5335, 0.0100
2837, 0.5266, 0.0031
2838, 0.5388, 0.0153
2839, 0.5195, -0.0040
2840, 0.5165, -0.0070
2841, 0.5181, -0.0054
2842, 0.5246, 0.0011
2843, 0.5164, -0.0071
2844, 0.5355, 0.0120
2845, 0.5139, -0.0096
2846, 0.5218, -0.0017
2847, 0.5321, 0.0086
2848, 0.5249, 0.0014
2849, 0.5265, 0.0030
2850, 0.5098, -0.0137
2851, 0.5181, -0.0054
2852, 0.5207, -0.0028
2853, 0.5335, 0.0100
2854, 0.5235, -0.0000
2855, 0.5191, -0.0044
2856, 0.5140, -0.0095
2857, 0.5184, -0.0051
2858, 0.5224, -0.0011
2859, 0.5275, 0.0040
2860, 0.5301, 0.0066
2861, 0.5292, 0.0057
2862, 0.5192, -0.0043
2863, 0.5323, 0.0088
2864, 0.5237, 0.0002
2865, 0.5340, 0.0105
2866, 0.5248, 0.0013
2867, 0.5120, -0.0115
2868, 0.5192, -0.0043
2869, 0.5274, 0.0039
2870, 0.5049, -0.0186
2871, 0.5218, -0.0017
2872, 0.5425, 0.0190
2873, 0.5204, -0.0031
2874, 0.5164, -0.0071
2875, 0.5179, -0.0056
2876, 0.5156, -0.0079
2877, 0.5249, 0.0014
2878, 0.5358, 0.0123
2879, 0.5033, -0.0202
2880, 0.5240, 0.0005
2881, 0.5144, -0.0091
2882, 0.5291, 0.0056
2883, 0.5234, -0.0001
2884, 0.5277, 0.0042
2885, 0.5227, -0.0008
2886, 0.5191, -0.0044
2887, 0.5223, -0.0012
2888, 0.5474, 0.0239
2889, 0.5147, -0.0088
2890, 0.5280, 0.0045
2891, 0.5085, -0.0150
2892, 0.5353, 0.0118
2893, 0.5088, -0.0147
2894, 0.5197, -0.0038
2895, 0.5199, -0.0036
2896, 0.5231, -0.0004
2897, 0.5126, -0.0109
2898, 0.5317, 0.0082
2899, 0.5102, -0.0133
2900, 0.5245, 0.0010
2901, 0.5350, 0.0115
2902, 0.5124, -0.0111
2903, 0.5088, -0.0147
2904, 0.4979, -0.0256
2905, 0.5349, 0.0114
2906, 0.5162, -0.0073
2907, 0.5304, 0.0069
2908, 0.5327, 0.0092
2909, 0.5253, 0.0018
2910, 0.5323, 0.0088
2911, 0.5125, -0.0110
2912, 0.5299, 0.0064
2913, 0.5064, -0.0171
2914, 0.5196, -0.0039
2915, 0.5383, 0.0148
2916, 0.5333, 0.0098
2917, 0.5190, -0.0045
2918, 0.5446, 0.0211
2919, 0.5289, 0.0054
2920, 0.5349, 0.0114
2921, 0.5115, -0.0120
2922, 0.5366, 0.0131
2923, 0.5299, 0.0064
2924, 0.5342, 0.0107
2925, 0.5217, -0.0018
2926, 0.5287, 0.0052
2927, 0.5125, -0.0110
2928, 0.5181, -0.0054
2929, 0.5388, 0.0153
2930, 0.5362, 0.0127
2931, 0.5309, 0.0074
2932, 0.5174, -0.0061
2933, 0.5247, 0.0012
2934, 0.5269, 0.0034
2935, 0.5233, -0.0002
2936, 0.5160, -0.0075
2937, 0.5315, 0.0080
2938, 0.5320, 0.0085
2939, 0.5373, 0.0138
2940, 0.5241, 0.0006
2941, 0.5298, 0.0063
2942, 0.5170, -0.0065
2943, 0.5236, 0.0001
2944, 0.5031, -0.0204
2945, 0.5233, -0.0002
2946, 0.5251, 0.0016
2947, 0.5127, -0.0108
2948, 0.5234, -0.0001
2949, 0.5154, -0.0081
2950, 0.5231, -0.0004
2951, 0.5232, -0.0003
2952, 0.5332, 0.0097
2953, 0.5293, 0.0058
2954, 0.4966, -0.0269
2955, 0.5195, -0.0040
2956, 0.5169, -0.0066
2957, 0.5225, -0.0010
2958, 0.5281, 0.0046
2959, 0.5083, -0.0152
2960, 0.5348, 0.0113
2961, 0.5377, 0.0142
2962, 0.5311, 0.0076
2963, 0.5430, 0.0195
2964, 0.5118, -0.0117
2965, 0.5191, -0.0044
2966, 0.5172, -0.0063
2967, 0.5221, -0.0014
2968, 0.5361, 0.0126
2969, 0.5264, 0.0029
2970, 0.5337, 0.0102
2971, 0.5200, -0.0035
2972, 0.5252, 0.0017
2973, 0.5187, -0.0048
2974, 0.5323, 0.0088
2975, 0.5277, 0.0042
2976, 0.5114, -0.0121
2977, 0.5274, 0.0039
2978, 0.5225, -0.0010
2979, 0.5136, -0.0099
2980, 0.5208, -0.0027
2981, 0.5253, 0.0018
2982, 0.5439, 0.0204
2983, 0.5287, 0.0052
2984, 0.5057, -0.0178
2985, 0.5330, 0.0095
2986, 0.5188, -0.0047
2987, 0.5390, 0.0155
2988, 0.5234, -0.0001
2989, 0.5259, 0.0024
2990, 0.5247, 0.0012
2991, 0.5222, -0.0013
2992, 0.5247, 0.0012
2993, 0.4982, -0.0253
2994, 0.5084, -0.0151
2995, 0.5152, -0.0083
2996, 0.5150, -0.0085
2997, 0.5295, 0.0060
2998, 0.5067, -0.0168
2999, 0.5195, -0.0040
